t,exact_real,exact_imag,sdp_real,sdp_imag,sdp_optimized_real,sdp_optimized_imag,positive_real,positive_imag
0.000000000000000000e+00,1.000000000000000000e+00,0.000000000000000000e+00,1.000010713048714805e+00,2.081668171172168513e-17,1.000002824268367618e+00,-3.122502256758252770e-17,1.000002824268367618e+00,-3.122502256758252770e-17
2.000000000000000042e-02,9.999333346666539057e-01,-9.999666671111078972e-03,9.999437511494426722e-01,-9.999770839411413481e-03,9.999359985791225203e-01,-9.999690483841658026e-03,9.999359985791225203e-01,-9.999690483841658026e-03
4.000000000000000083e-02,9.997333546658540016e-01,-1.999733347555149310e-02,9.997434737958074136e-01,-1.999753588513952449e-02,9.997358640167672839e-01,-1.999737822671737025e-02,9.997358640167672839e-01,-1.999737822671737025e-02
5.999999999999999778e-02,9.994001079907433027e-01,-2.999100107993057235e-02,9.994099290876001795e-01,-2.999129580125838024e-02,9.994024684383631119e-01,-2.999106405968709685e-02,9.994024684383631119e-01,-2.999106405968709685e-02
8.000000000000000167e-02,9.989336746146585400e-01,-3.997867121725769135e-02,9.989431971046912606e-01,-3.997905232013604371e-02,9.989358916820090251e-01,-3.997874987404791136e-02,9.989358916820090251e-01,-3.997874987404791136e-02
1.000000000000000056e-01,9.983341664682814365e-01,-4.995834721974233561e-02,9.983433898841517218e-01,-4.995880877523009578e-02,9.983362455440845107e-01,-4.995843915427605059e-02,9.983362455440845107e-01,-4.995843915427605059e-02
1.199999999999999956e-01,9.976017274076612873e-01,-5.992803455111456179e-02,9.976106513882402327e-01,-5.992857063340307350e-02,9.976036737473581439e-01,-5.992813751048838011e-02,9.976036737473581439e-01,-5.992813751048838011e-02
1.400000000000000133e-01,9.967365331731177225e-01,-6.988574133830592616e-02,9.967451574632755218e-01,-6.988634602659790640e-02,9.967383518999739511e-01,-6.988585321026367925e-02,9.967383518999739511e-01,-6.988585321026367925e-02
1.600000000000000033e-01,9.957387913390374212e-01,-7.982947890233157984e-02,9.957471157894002278e-01,-7.983014628271387081e-02,9.957404874453251731e-01,-7.982959770966414903e-02,9.957404874453251731e-01,-7.982959770966414903e-02
1.799999999999999933e-01,9.946087412545786544e-01,-8.975726228821434560e-02,9.946167658212534679e-01,-8.975798645552406085e-02,9.946103196028344140e-01,-8.975738618329823226e-02,9.946103196028344140e-01,-8.975738618329823226e-02
2.000000000000000111e-01,9.933466539753060820e-01,-9.966711079379184102e-02,9.933543787195724395e-01,-9.966788585347531593e-02,9.933481192996568288e-01,-9.966723805326506425e-02,9.933481192996568288e-01,-9.966723805326506425e-02
2.200000000000000011e-01,9.919528321857696840e-01,-1.095570484972477887e-01,9.919602572737409307e-01,-1.095578685672118635e-01,9.919541890933265549e-01,-1.095571775168225903e-01,9.919541890933265549e-01,-1.095571775168225903e-01
2.399999999999999911e-01,9.904276101130607968e-01,-1.194251047832099871e-01,9.904347358153128278e-01,-1.194259639956651298e-01,9.904288630853756992e-01,-1.194252340726209005e-01,9.904288630853756992e-01,-1.194252340726209005e-01
2.600000000000000089e-01,9.887713534313657959e-01,-1.292693148672568182e-01,9.887781801225334899e-01,-1.292702073705513099e-01,9.887725068259455297e-01,-1.292694430453429910e-01,9.887725068259455297e-01,-1.292694430453429910e-01
2.800000000000000266e-01,9.869844591575489545e-01,-1.390877203186751954e-01,9.869909873158918545e-01,-1.390886402791200183e-01,9.869855172094246232e-01,-1.390878461085955087e-01,9.869855172094246232e-01,-1.390878461085955087e-01
2.999999999999999889e-01,9.850673555377985613e-01,-1.488783695813132579e-01,9.850735857447346921e-01,-1.488793111849972817e-01,9.850683223611470529e-01,-1.488784918058935758e-01,9.850683223611470529e-01,-1.488784918058935758e-01
3.200000000000000067e-01,9.830205019253680510e-01,-1.586393184923723110e-01,9.830264348649765394e-01,-1.586402759469669743e-01,9.830213815151805923e-01,-1.586394360695829453e-01,9.830213815151805923e-01,-1.586394360695829453e-01
3.400000000000000244e-01,9.808443886494541131e-01,-1.683686307989817055e-01,9.808500251079473875e-01,-1.683695983355349146e-01,9.808451848832500097e-01,-1.683687427375437085e-01,9.808451848832500097e-01,-1.683687427375437085e-01
3.599999999999999867e-01,9.785395368752499712e-01,-1.780643786724031841e-01,9.785448777404137655e-01,-1.780653505471215536e-01,9.785402535148310932e-01,-1.780644840675223162e-01,9.785402535148310932e-01,-1.780644840675223162e-01
3.800000000000000044e-01,9.761064984552175749e-01,-1.877246432197098580e-01,9.761115447158215108e-01,-1.877256137157291838e-01,9.761071391484601456e-01,-1.877247412489366774e-01,9.761071391484601456e-01,-1.877247412489366774e-01
4.000000000000000222e-01,9.735458557716261119e-01,-1.973475149927872707e-01,9.735506085168030843e-01,-1.973484784219304566e-01,9.735464240543085790e-01,-1.973476049120012343e-01,9.735464240543085790e-01,-1.973476049120012343e-01
4.199999999999999845e-01,9.708582215704051332e-01,-2.069310944945040864e-01,9.708626819890004978e-01,-2.069320451990258880e-01,9.708587208680647951e-01,-2.069311756340210806e-01,9.708587208680647951e-01,-2.069311756340210806e-01
4.400000000000000022e-01,9.680442387863628095e-01,-2.164734926819013305e-01,9.680484081662538154e-01,-2.164744250362199696e-01,9.680446724161847483e-01,-2.164735644427021599e-01,9.680446724161847483e-01,-2.164735644427021599e-01
4.600000000000000200e-01,9.651045803598257145e-01,-2.259728314662494963e-01,9.651084600872117392e-01,-2.259737398786637874e-01,9.651049515325538231e-01,-2.259728933163279163e-01,9.651049515325538231e-01,-2.259728933163279163e-01
4.799999999999999822e-01,9.620399490447559820e-01,-2.354272442098245821e-01,9.620435406034179016e-01,-2.354281231242169037e-01,9.620402608666283051e-01,-2.354272956806532646e-01,9.620402608666283051e-01,-2.354272956806532646e-01
5.000000000000000000e-01,9.588510772084060108e-01,-2.448348762192545935e-01,9.588543821789370369e-01,-2.448357201167782882e-01,9.588513326831097361e-01,-2.448349169023670835e-01,9.588513326831097361e-01,-2.448349169023670835e-01
5.200000000000000178e-01,9.555387266225706666e-01,-2.541938852352886857e-01,9.555417466815779859e-01,-2.541946886360405555e-01,9.555389286532135484e-01,-2.541939147789757936e-01,9.555389286532135484e-01,-2.541939147789757936e-01
5.400000000000000355e-01,9.521036882465058193e-01,-2.635024419188441991e-01,9.521064251657844757e-01,-2.635031993835202924e-01,9.521038396376033663e-01,-2.635024600249629145e-01,9.521038396376033663e-01,-2.635024600249629145e-01
5.600000000000000533e-01,9.485467820015774931e-01,-2.727587303331855395e-01,9.485492376472547393e-01,-2.727594364647207836e-01,9.485468854610503708e-01,-2.727587367540784680e-01,9.485468854610503708e-01,-2.727587367540784680e-01
5.799999999999999600e-01,9.448688565377131310e-01,-2.819609484220915174e-01,9.448710328693638028e-01,-2.819615978672820877e-01,9.448689146788951110e-01,-2.819609429576152015e-01,9.448689146788951110e-01,-2.819609429576152015e-01
5.999999999999999778e-01,9.410707889917255820e-01,-2.911073084838694536e-01,9.410726880614633805e-01,-2.911078959349779338e-01,9.410708043353792629e-01,-2.911072909785297202e-01,9.410708043353792629e-01,-2.911072909785297202e-01
6.199999999999999956e-01,9.371534847375888599e-01,-3.001960376410743314e-01,9.371551086891249938e-01,-3.001965578374161114e-01,9.371534597139239420e-01,-3.001960079812662774e-01,9.371534597139239420e-01,-3.001960079812662774e-01
6.400000000000000133e-01,9.331178771287375051e-01,-3.092253783057927752e-01,9.331192281964166835e-01,-3.092258260353050736e-01,9.331178140794335052e-01,-3.092253364171443919e-01,9.331178140794335052e-01,-3.092253364171443919e-01
6.600000000000000311e-01,9.289649272324754792e-01,-3.181935886403559621e-01,9.289660077402821514e-01,-3.181939587411468651e-01,9.289648284127040023e-01,-3.181935344851722913e-01,9.289648284127040023e-01,-3.181935344851722913e-01
6.800000000000000488e-01,9.246956235565712001e-01,-3.270989430133412479e-01,9.246964359171112591e-01,-3.270992303752198738e-01,9.246954911370163233e-01,-3.270988765881482352e-01,9.246954911370163233e-01,-3.270988765881482352e-01
7.000000000000000666e-01,9.203109817681300875e-01,-3.359397324507308880e-01,9.203115284815844843e-01,-3.359399320167174574e-01,9.203108178370048575e-01,-3.359396537839156038e-01,9.203108178370048575e-01,-3.359396537839156038e-01
7.199999999999999734e-01,9.158120444048236664e-01,-3.447142650820902432e-01,9.158123280578789327e-01,-3.447143718499062204e-01,9.158118509698818244e-01,-3.447141742316375268e-01,9.158118509698818244e-01,-3.447141742316375268e-01
7.399999999999999911e-01,9.111998805785744837e-01,-3.534208665816379602e-01,9.111999038433243880e-01,-3.534208756051743228e-01,9.111996595691125300e-01,-3.534207636329587121e-01,9.111996595691125300e-01,-3.534207636329587121e-01
7.600000000000000089e-01,9.064755856717781057e-01,-3.620578806040721798e-01,9.064753513046042155e-01,-3.620577869948382044e-01,9.064753389406312589e-01,-3.620577656679241918e-01,9.064753389406312589e-01,-3.620577656679241918e-01
7.800000000000000266e-01,9.016402810261668899e-01,-3.706236692150290390e-01,9.016397918665914890e-01,-3.706234681435779388e-01,9.016400103516906128e-01,-3.706235424255260313e-01,9.016400103516906128e-01,-3.706235424255260313e-01
8.000000000000000444e-01,8.966951136244034615e-01,-3.791166133160432383e-01,8.966943725939197085e-01,-3.791163000133763727e-01,8.966948207124437742e-01,-3.791164748287512154e-01,8.966948207124437742e-01,-3.791164748287512154e-01
8.200000000000000622e-01,8.916412557645071457e-01,-3.875351130638859942e-01,8.916402658653850288e-01,-3.875346828228344864e-01,8.916409422503569493e-01,-3.875349630540050883e-01,8.916409422503569493e-01,-3.875349630540050883e-01
8.399999999999999689e-01,8.864799047272133858e-01,-3.958775882841569227e-01,8.864786690412823633e-01,-3.958770364607405723e-01,8.864795721775524662e-01,-3.958774269447858374e-01,8.864795721775524662e-01,-3.958774269447858374e-01
8.599999999999999867e-01,8.812122824363685103e-01,-4.041424788790094480e-01,8.812108041237768363e-01,-4.041418008937717188e-01,8.812119323511856672e-01,-4.041423064194906711e-01,8.812119323511856672e-01,-4.041423064194906711e-01
8.800000000000000044e-01,8.758396351124649870e-01,-4.123282452288861144e-01,8.758379174104177212e-01,-4.123274365682065845e-01,8.758392689269630660e-01,-4.123280618732311220e-01,8.758392689269630660e-01,-4.123280618732311220e-01
9.000000000000000222e-01,8.703632329194259665e-01,-4.204333685881506133e-01,8.703612791408992244e-01,-4.204324248055320568e-01,8.703628520059055740e-01,-4.204331745735407355e-01,8.703628520059055740e-01,-4.204331745735407355e-01
9.200000000000000400e-01,8.647843696047456952e-01,-4.284563514744969548e-01,8.647821831371808043e-01,-4.284552681918288308e-01,8.647839752744684860e-01,-4.284561470498601810e-01,8.647839752744684860e-01,-4.284561470498601810e-01
9.400000000000000577e-01,8.591043621331003743e-01,-4.363957180520232071e-01,8.591019464370752701e-01,-4.363944909608202249e-01,8.591039556381298015e-01,-4.363955034766835439e-01,8.591039556381298015e-01,-4.363955034766835439e-01
9.599999999999999645e-01,8.533245503135399312e-01,-4.442500145078576712e-01,8.533219089214214570e-01,-4.442486393704725978e-01,8.533241328485589028e-01,-4.442497900502547226e-01,8.533241328485589028e-01,-4.442497900502547226e-01
9.799999999999999822e-01,8.474462964203779425e-01,-4.520178094222272458e-01,8.474434329349530559e-01,-4.520162820730388997e-01,8.474458691244816100e-01,-4.520175753587062917e-01,8.474458691244816100e-01,-4.520175753587062917e-01
1.000000000000000000e+00,8.414709848078965049e-01,-4.596976941318602905e-01,8.414679029009829447e-01,-4.596960104784352796e-01,8.414705487663591832e-01,-4.596974507455273695e-01,8.414705487663591832e-01,-4.596974507455273695e-01
1.020000000000000018e+00,8.354000215189832934e-01,-4.672882830866180726e-01,8.353967249300224829e-01,-4.672864391108462190e-01,8.353995777650008447e-01,-4.672880306662611782e-01,8.353995777650008447e-01,-4.672880306662611782e-01
1.040000000000000036e+00,8.292348338878253733e-01,-4.747882141992516014e-01,8.292313264224558944e-01,-4.747862059584550543e-01,8.292343834042286144e-01,-4.747879530383247726e-01,8.292343834042286144e-01,-4.747879530383247726e-01
1.060000000000000053e+00,8.229768701367794481e-01,-4.821961491881814887e-01,8.229731556653910873e-01,-4.821939728161974137e-01,8.229764138577204680e-01,-4.821958795838495737e-01,8.229764138577204680e-01,-4.821958795838495737e-01
1.080000000000000071e+00,8.166275989675439995e-01,-4.895107739132038005e-01,8.166236814238158059e-01,-4.895084256214379814e-01,8.166271377801530562e-01,-4.895104961654455633e-01,8.166271377801530562e-01,-4.895104961654455633e-01
1.100000000000000089e+00,8.101885091467593281e-01,-4.967307987040206485e-01,8.101843925261790202e-01,-4.967282747824766087e-01,8.101880438927737682e-01,-4.967305131147909392e-01,8.101880438927737682e-01,-4.967305131147909392e-01
1.120000000000000107e+00,8.036611090861650597e-01,-5.038549586815068704e-01,8.036567974445323337e-01,-5.038522554997848513e-01,8.036606405635267070e-01,-5.038546655539523078e-01,8.036606405635267070e-01,-5.038546655539523078e-01
1.140000000000000124e+00,7.970469264174413482e-01,-5.108820140716157088e-01,7.970424238693540886e-01,-5.108791280798840040e-01,7.970464553818645825e-01,-5.108817137093435434e-01,7.970464553818645825e-01,-5.108817137093435434e-01
1.159999999999999920e+00,7.903475075618681123e-01,-5.178107505118335618e-01,7.903428182791936152e-01,-5.178076782417724289e-01,7.903470347283758635e-01,-5.178104432182336625e-01,7.903470347283758635e-01,-5.178104432182336625e-01
1.179999999999999938e+00,7.835644172949326469e-01,-5.246399793501002051e-01,7.835595455052631886e-01,-5.246367174158171887e-01,7.835639433393617459e-01,-5.246396654277153404e-01,7.835639433393617459e-01,-5.246396654277153404e-01
1.199999999999999956e+00,7.766992383060220551e-01,-5.313685379361053895e-01,7.766941882911158057e-01,-5.313650830350200582e-01,7.766987638664967220e-01,-5.313682176860492490e-01,7.766987638664967220e-01,-5.313682176860492490e-01
1.219999999999999973e+00,7.697535707533341709e-01,-5.379952899048795478e-01,7.697483468475418977e-01,-5.379916388185811416e-01,7.697530964317057522e-01,-5.379949636263013923e-01,7.697530964317057522e-01,-5.379949636263013923e-01
1.239999999999999991e+00,7.627290318141443093e-01,-5.445191254525998392e-01,7.627236384028225347e-01,-5.445152750476749404e-01,7.627285581774007062e-01,-5.445187934421931164e-01,7.627285581774007062e-01,-5.445187934421931164e-01
1.260000000000000009e+00,7.556272552305679513e-01,-5.509389616045322624e-01,7.556216967484781222e-01,-5.509349088333626021e-01,7.556267828122086305e-01,-5.509386241560851882e-01,7.556267828122086305e-01,-5.509386241560851882e-01
1.280000000000000027e+00,7.484498908509569226e-01,-5.572537424750347856e-01,7.484441717806532557e-01,-5.572494843765656292e-01,7.484494201523349544e-01,-5.572533998790223375e-01,7.484494201523349544e-01,-5.572533998790223375e-01
1.300000000000000044e+00,7.411986041670715064e-01,-5.634624395195481084e-01,7.411927290372766208e-01,-5.634579732200268865e-01,7.411981356587036274e-01,-5.634620920627625429e-01,7.411981356587036274e-01,-5.634620920627625429e-01
1.320000000000000062e+00,7.338750758471705993e-01,-5.695640517785053314e-01,7.338690492311388258e-01,-5.695593744921895185e-01,7.338746099700128589e-01,-5.695636997437243387e-01,7.338746099700128589e-01,-5.695636997437243387e-01
1.340000000000000080e+00,7.264810012651635729e-01,-5.755576061130899257e-01,7.264748277790339381e-01,-5.755527151429252752e-01,7.264805384318535619e-01,-5.755572497787799779e-01,7.264805384318535619e-01,-5.755572497787799779e-01
1.360000000000000098e+00,7.190180900259678376e-01,-5.814421574327800490e-01,7.190117743271063899e-01,-5.814370501710478534e-01,7.190176306220339431e-01,-5.814417970728342766e-01,7.190176306220339431e-01,-5.814417970728342766e-01
1.380000000000000115e+00,7.114880654872171029e-01,-5.872167889146128195e-01,7.114816122725503567e-01,-5.872114628435473049e-01,7.114876098722553444e-01,-5.872164247981213059e-01,7.114876098722553444e-01,-5.872164247981213059e-01
1.400000000000000133e+00,7.038926642774715470e-01,-5.928806122141137003e-01,7.038860782818086026e-01,-5.928750649064871148e-01,7.038922127862858868e-01,-5.928802446051639752e-01,7.038922127862858868e-01,-5.928802446051639752e-01
1.419999999999999929e+00,6.962336358110702283e-01,-5.984327676678268260e-01,6.962269218054191189e-01,-5.984269967875053275e-01,6.962331887547835718e-01,-5.984323968253347781e-01,6.962331887547835718e-01,-5.984323968253347781e-01
1.439999999999999947e+00,6.885127417997822796e-01,-6.038724244873988622e-01,6.885059045896554375e-01,-6.038664277898662114e-01,6.885122994669111707e-01,-6.038720506649661868e-01,6.885122994669111707e-01,-6.038720506649661868e-01
1.459999999999999964e+00,6.807317557614006587e-01,-6.091987809451578917e-01,6.807248001851152752e-01,-6.091925562780079462e-01,6.807313184188985566e-01,-6.091984043909569602e-01,6.807313184188985566e-01,-6.091984043909569602e-01
1.479999999999999982e+00,6.728924625254324443e-01,-6.144110645511420277e-01,6.728853934524013924e-01,-6.144046098545413725e-01,6.728920304197001379e-01,-6.144106855078258489e-01,6.728920304197001379e-01,-6.144106855078258489e-01
1.500000000000000000e+00,6.649966577360362230e-01,-6.195085322215313495e-01,6.649894800650547610e-01,-6.195018455286482872e-01,6.649962310938983823e-01,-6.195081509261652908e-01,6.649962310938983823e-01,-6.195081509261652908e-01
1.520000000000000018e+00,6.570461473523572238e-01,-6.244904704384346417e-01,6.570388660098829270e-01,-6.244835498758386505e-01,6.570457263820084215e-01,-6.244900871224524641e-01,6.570457263820084215e-01,-6.244900871224524641e-01
1.540000000000000036e+00,6.490427471464150777e-01,-6.293561954009960768e-01,6.490353670848423295e-01,-6.293490391890245172e-01,6.490423320383319483e-01,-6.293558102901749551e-01,6.490423320383319483e-01,-6.293558102901749551e-01
1.560000000000000053e+00,6.409882821986964130e-01,-6.341050531677774327e-01,6.409808083946272328e-01,-6.340976596208713900e-01,6.409878731265198359e-01,-6.341046664822335144e-01,6.409878731265198359e-01,-6.341046664822335144e-01
1.580000000000000071e+00,6.328845863916076064e-01,-6.387364197903849794e-01,6.328770238441172591e-01,-6.387287873173932429e-01,6.328841835129916937e-01,-6.387360317445869295e-01,6.328841835129916937e-01,-6.387360317445869295e-01
1.600000000000000089e+00,6.247335019009406798e-01,-6.432497014383055101e-01,6.247258556298401766e-01,-6.432418285427562443e-01,6.247331053583716765e-01,-6.432493122411039321e-01,6.247331053583716765e-01,-6.432493122411039321e-01
1.620000000000000107e+00,6.165368786855085492e-01,-6.476443345149199837e-01,6.165291537296045954e-01,-6.476362197952615363e-01,6.165364886070933137e-01,-6.476439443695942710e-01,6.165364886070933137e-01,-6.476439443695942710e-01
1.640000000000000124e+00,6.082965739751058365e-01,-6.519197857646720218e-01,6.082887753904580030e-01,-6.519114279144812008e-01,6.082961904753292348e-01,-6.519193948689898654e-01,6.082961904753292348e-01,-6.519193948689898654e-01
1.660000000000000142e+00,6.000144517569497848e-01,-6.560755523713609483e-01,6.000065846151269033e-01,-6.560669501795205472e-01,6.000140749374028859e-01,-6.560751609176528332e-01,6.000140749374028859e-01,-6.560751609176528332e-01
1.679999999999999938e+00,5.916923822607594863e-01,-6.601111620475423880e-01,5.916844516470932680e-01,-6.601023143983857366e-01,5.916920122108384472e-01,-6.601107702227873020e-01,5.916920122108384472e-01,-6.601107702227873020e-01
1.699999999999999956e+00,5.833322414426286295e-01,-6.640261731150145508e-01,5.833242524544680618e-01,-6.640170789884387581e-01,5.833318782402039382e-01,-6.640257811009369071e-01,5.833318782402039382e-01,-6.640257811009369071e-01
1.719999999999999973e+00,5.749359104678497534e-01,-6.678201745763742148e-01,5.749278682128142748e-01,-6.678108330479223254e-01,5.749355541799081593e-01,-6.678197825495513218e-01,5.749355541799081593e-01,-6.678197825495513218e-01
1.739999999999999991e+00,5.665052751928468799e-01,-6.714927861776304185e-01,5.664971847870819976e-01,-6.714831964185408175e-01,5.665049258761046813e-01,-6.714923943096084979e-01,5.665049258761046813e-01,-6.714923943096084979e-01
1.760000000000000009e+00,5.580422256463741792e-01,-6.750436584618636493e-01,5.580340922128064207e-01,-6.750338197390879369e-01,5.580418833478634211e-01,-6.750432669192822921e-01,5.580418833478634211e-01,-6.750432669192822921e-01
1.780000000000000027e+00,5.495486555101374293e-01,-6.784724728139234218e-01,5.495404841767317361e-01,-6.784623844901137568e-01,5.495483202677657886e-01,-6.784720817586469277e-01,5.495483202677657886e-01,-6.784720817586469277e-01
1.800000000000000044e+00,5.410264615989972548e-01,-6.817789414961594741e-01,5.410182574970163749e-01,-6.817686030296233879e-01,5.410261334420806145e-01,-6.817785510854148523e-01,5.410261334420806145e-01,-6.817785510854148523e-01
1.820000000000000062e+00,5.324775433409101311e-01,-6.849628076751835826e-01,5.324693116031776752e-01,-6.849522186198068185e-01,5.324772222906803965e-01,-6.849624180617034375e-01,5.324772222906803965e-01,-6.849624180617034375e-01
1.840000000000000080e+00,5.239038022567653607e-01,-6.880238454396633285e-01,5.238955480159313005e-01,-6.880130054448030386e-01,5.239034883268537390e-01,-6.880234567718334082e-01,5.239034883268537390e-01,-6.880234567718334082e-01
1.860000000000000098e+00,5.153071414402764505e-01,-6.909618598091510355e-01,5.152988698270877244e-01,-6.909507686194956699e-01,5.153068346371710851e-01,-6.909614722311614443e-01,5.153068346371710851e-01,-6.909614722311614443e-01
1.880000000000000115e+00,5.066894650380825427e-01,-6.937766867339538734e-01,5.066811811796571030e-01,-6.937653441893534279e-01,5.066891653615628321e-01,-6.937763003859531707e-01,5.066891653615628321e-01,-6.937763003859531707e-01
1.900000000000000133e+00,4.980526777302181074e-01,-6.964681930860543435e-01,4.980443867483244635e-01,-6.964565991213182983e-01,4.980523851737657659e-01,-6.964678081043057523e-01,4.980523851737657659e-01,-6.964678081043057523e-01
1.919999999999999929e+00,4.893986842111067714e-01,-6.990362766410929130e-01,4.893903912204501938e-01,-6.990244312857583076e-01,4.893983987622949616e-01,-6.990358931581317492e-01,4.893983987622949616e-01,-6.990358931581317492e-01
1.939999999999999947e+00,4.807293886712374342e-01,-7.014808660514264549e-01,4.807210987777510991e-01,-7.014687694294944320e-01,4.807291103120970299e-01,-7.014804841962192228e-01,4.807291103120970299e-01,-7.014804841962192228e-01
1.959999999999999964e+00,4.720466942796776588e-01,-7.038019208102828106e-01,4.720384125788211760e-01,-7.037895731399249621e-01,4.720464229870433015e-01,-7.038015407083855202e-01,4.720464229870433015e-01,-7.038015407083855202e-01
1.979999999999999982e+00,4.633525026675806568e-01,-7.059994312070282385e-01,4.633442342426462024e-01,-7.059868328002615323e-01,4.633522384134146632e-01,-7.059990529807436133e-01,4.633522384134146632e-01,-7.059990529807436133e-01
2.000000000000000000e+00,4.546487134128409102e-01,-7.080734182735711757e-01,4.546404633332665757e-01,-7.080605695359040164e-01,4.546484561645388056e-01,-7.080730420421061933e-01,4.546484561645388056e-01,-7.080730420421061933e-01
2.020000000000000018e+00,4.459372235260531392e-01,-7.100239337219309554e-01,4.459289968457459952e-01,-7.100108351519772709e-01,4.459369732467292069e-01,-7.100235596015519457e-01,4.459369732467292069e-01,-7.100235596015519457e-01
2.040000000000000036e+00,4.372199269379311581e-01,-7.118510598729961281e-01,4.372117286935982006e-01,-7.118377120620610343e-01,4.372196835866852260e-01,-7.118506879771818729e-01,4.372196835866852260e-01,-7.118506879771818729e-01
2.060000000000000053e+00,4.284987139883369434e-01,-7.135549095765059135e-01,4.284905491978256986e-01,-7.135413132081410703e-01,4.284984775205030183e-01,-7.135545400160975271e-01,4.284984775205030183e-01,-7.135545400160975271e-01
2.080000000000000071e+00,4.197754709170752330e-01,-7.151356261222880928e-01,4.197673445777250767e-01,-7.151217819718167501e-01,4.197752412844539815e-01,-7.151352590056364589e-01,4.197752412844539815e-01,-7.151352590056364589e-01
2.100000000000000089e+00,4.110520793566065367e-01,-7.165933831427893086e-01,4.110439964436102267e-01,-7.165792920768028207e-01,4.110518565076795583e-01,-7.165930185758984106e-01,4.110518565076795583e-01,-7.165930185758984106e-01
2.120000000000000107e+00,4.023304158268283248e-01,-7.179283845069374115e-01,4.023223812916046360e-01,-7.179140474827626628e-01,4.023301997069576030e-01,-7.179280225936042203e-01,4.023301997069576030e-01,-7.179280225936042203e-01
2.140000000000000124e+00,3.936123512320773843e-01,-7.191408642053792599e-01,3.936043700006553459e-01,-7.191262822705164481e-01,3.936121417836887515e-01,-7.191405050473280713e-01,3.936121417836887515e-01,-7.191405050473280713e-01
2.160000000000000142e+00,3.848997503605013915e-01,-7.202310862271353864e-01,3.848918273319172356e-01,-7.202162605186681610e-01,3.848995475232540042e-01,-7.202307299241493821e-01,3.848995475232540042e-01,-7.202307299241493821e-01
2.180000000000000160e+00,3.761944713859513567e-01,-7.211993444277232657e-01,3.761866114306574582e-01,-7.211842761716987793e-01,3.761942750968920723e-01,-7.211989910777681922e-01,3.761942750968920723e-01,-7.211989910777681922e-01
2.200000000000000178e+00,3.674983653725409360e-01,-7.220459623887935940e-01,3.674905733308284628e-01,-7.220306528995762418e-01,3.674981755662465877e-01,-7.220456120881394435e-01,3.674981755662465877e-01,-7.220456120881394435e-01
2.220000000000000195e+00,3.588132757820209351e-01,-7.227712932693375336e-01,3.588055564624559324e-01,-7.227557439489343816e-01,3.588130923907275061e-01,-7.227709461126720081e-01,3.588130923907275061e-01,-7.227709461126720081e-01
2.240000000000000213e+00,3.501410379841159992e-01,-7.233757196485177676e-01,3.501333961619895185e-01,-7.233599319858747823e-01,3.501408609378351966e-01,-7.233753757290544151e-01,3.501408609378351966e-01,-7.233753757290544151e-01
2.260000000000000231e+00,3.414834787699670970e-01,-7.238596533601781013e-01,3.414759191857607012e-01,-7.238436289304517324e-01,3.414833079965921003e-01,-7.238593127697596774e-01,3.414833079965921003e-01,-7.238593127697596774e-01
2.280000000000000249e+00,3.328424158688252366e-01,-7.242235353190988878e-01,3.328349432266908270e-01,-7.242072757828981189e-01,3.328422512942256772e-01,-7.242231981482926129e-01,3.328422512942256772e-01,-7.242231981482926129e-01
2.300000000000000266e+00,3.242196574681390775e-01,-7.244678353390540115e-01,3.242122764343945973e-01,-7.244513424416569869e-01,3.242194990162451940e-01,-7.244675016772417209e-01,3.242194990162451940e-01,-7.244675016772417209e-01
2.319999999999999840e+00,3.156170017371773273e-01,-7.245930519427380423e-01,3.156097169388192847e-01,-7.245763275132829362e-01,3.156168493300556266e-01,-7.245927218781992307e-01,3.156168493300556266e-01,-7.245927218781992307e-01
2.339999999999999858e+00,3.070362363543274742e-01,-7.245997121636333915e-01,3.070290523775587865e-01,-7.245827581142804119e-01,3.070360899122464571e-01,-7.245993857836213747e-01,3.070360899122464571e-01,-7.245993857836213747e-01
2.359999999999999876e+00,2.984791380382103010e-01,-7.244883713398816427e-01,2.984720594269864025e-01,-7.244711896649536076e-01,2.984789974796984158e-01,-7.244880487306932793e-01,2.984789974796984158e-01,-7.244880487306932793e-01
2.379999999999999893e+00,2.899474720827464602e-01,-7.242596129002389915e-01,2.899405033373380625e-01,-7.242422056753323734e-01,2.899473373246423402e-01,-7.242592941472778545e-01,2.899473373246423402e-01,-7.242592941472778545e-01
2.399999999999999911e+00,2.814429918963128885e-01,-7.239140481421855178e-01,2.814361374718872266e-01,-7.238964175232595055e-01,2.814428628538081512e-01,-7.239137333300171839e-01,2.814428628538081512e-01,-7.239137333300171839e-01
2.419999999999999929e+00,2.729674385451242857e-01,-7.234523160022690025e-01,2.729607028503441279e-01,-7.234344642247065860e-01,2.729673151317992819e-01,-7.234520052146696800e-01,2.729673151317992819e-01,-7.234520052146696800e-01
2.439999999999999947e+00,2.645225403009716647e-01,-7.228750828187600064e-01,2.645159276966136952e-01,-7.228570121964088546e-01,2.645224224288267312e-01,-7.228747761387589454e-01,2.645224224288267312e-01,-7.228747761387589454e-01
2.459999999999999964e+00,2.561100121934521412e-01,-7.221830420867044742e-01,2.561035269910444945e-01,-7.221647550108906133e-01,2.561098997729313043e-01,-7.221827395966189389e-01,2.561098997729313043e-01,-7.221827395966189389e-01
2.479999999999999982e+00,2.477315555668192226e-01,-7.213769142054560213e-01,2.477252020272983635e-01,-7.213584131439748637e-01,2.477314485068307925e-01,-7.213766159869188233e-01,2.477314485068307925e-01,-7.213766159869188233e-01
2.500000000000000000e+00,2.393888576415826031e-01,-7.204574462187735007e-01,2.393826399739703292e-01,-7.204387337148576709e-01,2.393887558495136902e-01,-7.204571523527542043e-01,2.393887558495136902e-01,-7.204571523527542043e-01
2.520000000000000018e+00,2.310835910809848903e-01,-7.194254115475753331e-01,2.310775134410863740e-01,-7.194064902188405108e-01,2.310834944627132292e-01,-7.194251221143946884e-01,2.310834944627132292e-01,-7.194251221143946884e-01
2.540000000000000036e+00,2.228174135624814145e-01,-7.182816097154418600e-01,2.228114800516030614e-01,-7.182624822528087538e-01,2.228173220223830797e-01,-7.182813247947789081e-01,2.228173220223830797e-01,-7.182813247947789081e-01
2.560000000000000053e+00,2.145919673543463246e-01,-7.170268660669559813e-01,2.145861820180360313e-01,-7.170075352335515406e-01,2.145918807953006990e-01,-7.170265857378498309e-01,2.145918807953006990e-01,-7.170265857378498309e-01
2.580000000000000071e+00,2.064088788975275424e-01,-7.156620314789827741e-01,2.064032457243355489e-01,-7.156425001090186422e-01,2.064087972209198152e-01,-7.156617558198257179e-01,2.064087972209198152e-01,-7.156617558198257179e-01
2.600000000000000089e+00,1.982697583928708096e-01,-7.141879820649796873e-01,1.982642813131330617e-01,-7.141682530626106695e-01,1.982696814985917544e-01,-7.141877111535060996e-01,1.982696814985917544e-01,-7.141877111535060996e-01
2.620000000000000107e+00,1.901761993938315132e-01,-7.126056188724435581e-01,1.901708822784756447e-01,-7.125856952106049969e-01,1.901761271802768771e-01,-7.126053527857110215e-01,1.901761271802768771e-01,-7.126053527857110215e-01
2.640000000000000124e+00,1.821297784047909984e-01,-7.109158675735915978e-01,1.821246250641643805e-01,-7.108957522928150974e-01,1.821297107688584216e-01,-7.109156063879563670e-01,1.821297107688584216e-01,-7.109156063879563670e-01
2.660000000000000142e+00,1.741320544850921692e-01,-7.091196781493804835e-01,1.741270686678134949e-01,-7.090993743565923157e-01,1.741319913221786031e-01,-7.091194219404677312e-01,1.741319913221786031e-01,-7.091194219404677312e-01
2.680000000000000160e+00,1.661845688589071168e-01,-7.072180245669745791e-01,1.661797542507412739e-01,-7.071975354342724396e-01,1.661845100629043559e-01,-7.072177734096413149e-01,1.661845100629043559e-01,-7.072177734096413149e-01
2.700000000000000178e+00,1.582888445310480507e-01,-7.052119044507633161e-01,1.582842047538043917e-01,-7.051912332141745399e-01,1.582887899943395127e-01,-7.052116584190569748e-01,1.582887899943395127e-01,-7.052116584190569748e-01
2.720000000000000195e+00,1.504463859088298883e-01,-7.031023387470434205e-01,1.504419245192853416e-01,-7.030814887052657669e-01,1.504463355222870058e-01,-7.031020979141545668e-01,1.504463355222870058e-01,-7.031020979141545668e-01
2.740000000000000213e+00,1.426586784300920285e-01,-7.008903713824745640e-01,1.426543989189377748e-01,-7.008693458955980171e-01,1.426586320830717514e-01,-7.008901358206852672e-01,1.426586320830717514e-01,-7.008901358206852672e-01
2.760000000000000231e+00,1.349271881974838105e-01,-6.985770689164249037e-01,1.349230939882966884e-01,-6.985558714046351536e-01,1.349271457778266348e-01,-6.985768386970504507e-01,1.349271457778266348e-01,-6.985768386970504507e-01
2.780000000000000249e+00,1.272533616191160732e-01,-6.961635201873160872e-01,1.272494560673557151e-01,-6.961421541295831350e-01,1.272533230131461801e-01,-6.961632953806436985e-01,1.272533230131461801e-01,-6.961632953806436985e-01
2.800000000000000266e+00,1.196386250556802366e-01,-6.936508359530922929e-01,1.196349114477105319e-01,-6.936293048858397370e-01,1.196385901482061725e-01,-6.936506166283145092e-01,1.196385901482061725e-01,-6.936506166283145092e-01
2.819999999999999840e+00,1.120843844741325757e-01,-6.910401485259246579e-01,1.120808660262693074e-01,-6.910184560416849919e-01,1.120843531484509020e-01,-6.910399347510683965e-01,1.120843531484509020e-01,-6.910399347510683965e-01
2.839999999999999858e+00,1.045920251080395685e-01,-6.883326114012767727e-01,1.045887049656234885e-01,-6.883107611473299192e-01,1.045919972459400243e-01,-6.883324032431297201e-01,1.045919972459400243e-01,-6.883324032431297201e-01
2.859999999999999876e+00,9.716291112468070090e-02,-6.855293988814518125e-01,9.715979236117652795e-02,-6.855073945584477801e-01,9.716288660645411301e-02,-6.855291964054823772e-01,9.716288660645411301e-02,-6.855291964054823772e-01
2.879999999999999893e+00,8.979838529899680788e-02,-6.826317056937412087e-01,8.979547091511919099e-02,-6.826095510543099820e-01,8.979836400344545777e-02,-6.826315089640181411e-01,8.979836400344545777e-02,-6.826315089640181411e-01
2.899999999999999911e+00,8.249976869447669947e-02,-6.796407466033069777e-01,8.249706161734188248e-02,-6.796184454506525308e-01,8.249975049892763201e-02,-6.796405556824139937e-01,8.249975049892763201e-02,-6.796405556824139937e-01
2.919999999999999929e+00,7.526836035106745926e-02,-6.765577560209188324e-01,7.526586343337238194e-02,-6.765353122074000414e-01,7.526834513138903893e-02,-6.765575709698664619e-01,7.526834513138903893e-02,-6.765575709698664619e-01
2.939999999999999947e+00,6.810543698019405623e-02,-6.733839876056749718e-01,6.810315299942208689e-02,-6.733614050313736499e-01,6.810542461081570131e-02,-6.733838084838107418e-01,6.810542461081570131e-02,-6.733838084838107418e-01
2.959999999999999964e+00,6.101225266697058586e-02,-6.701207138628400006e-01,6.101018432462437802e-02,-6.700979964741154982e-01,6.101224302090551416e-02,-6.701205407277555093e-01,6.101224302090551416e-02,-6.701205407277555093e-01
2.979999999999999982e+00,5.399003857968315279e-02,-6.667692257369254305e-01,5.398818850054554891e-02,-6.667463775249574676e-01,5.399003152855561677e-02,-6.667690586443606460e-01,5.399003152855561677e-02,-6.667690586443606460e-01
3.000000000000000000e+00,4.704000268662240913e-02,-6.633308322001485458e-01,4.703837341804404520e-02,-6.633078571994686090e-01,4.703999810069797033e-02,-6.633306712038965491e-01,4.703999810069797033e-02,-6.633306712038965491e-01
3.020000000000000018e+00,4.016332948034097988e-02,-6.598068598364029702e-01,4.016192349155620067e-02,-6.597837621234144967e-01,4.016332722856078008e-02,-6.598067049882110346e-01,4.016332722856078008e-02,-6.598067049882110346e-01
3.040000000000000036e+00,3.336117970940850885e-02,-6.561986524208748284e-01,3.335999939087936489e-02,-6.561754361123618429e-01,3.336117965942757280e-02,-6.561985037703451651e-01,3.336117965942757280e-02,-6.561985037703451651e-01
3.060000000000000053e+00,2.663469011773500830e-02,-6.525075704954400591e-01,2.663373778052272392e-02,-6.524842397470672628e-01,2.663469213596476176e-02,-6.525074280899301193e-01,2.663469213596476176e-02,-6.525074280899301193e-01
3.080000000000000071e+00,1.998497319153024268e-02,-6.487349909399823256e-01,1.998425106669578233e-02,-6.487115499447845268e-01,1.998497714318486079e-02,-6.487348548245039925e-01,1.998497714318486079e-02,-6.487348548245039925e-01
3.100000000000000089e+00,1.341311691396467227e-02,-6.448823065397675247e-01,1.341262715199715086e-02,-6.448587595266304096e-01,1.341312266311187919e-02,-6.448821767568859720e-01,1.341312266311187919e-02,-6.448821767568859720e-01
3.120000000000000107e+00,6.920184527594857790e-03,-6.409509255490154489e-01,6.919929197868652029e-03,-6.409272767811478033e-01,6.920191937210933009e-03,-6.409508021387479992e-01,6.920191937210933009e-03,-6.409508021387479992e-01
3.140000000000000124e+00,5.072143046136396230e-04,-6.369422712508087114e-01,5.071953948741287277e-04,-6.369185250242063168e-01,5.072232366426340962e-04,-6.369421542505244727e-01,5.072232366426340962e-04,-6.369421542505244727e-01
3.160000000000000142e+00,-5.824780675017028272e-03,-6.328577815134804885e-01,-5.824561259138721567e-03,-6.328339421553835775e-01,-5.824770359599784793e-03,-6.328576709577996562e-01,-5.824770359599784793e-03,-6.328576709577996562e-01
3.180000000000000160e+00,-1.207481273749540056e-02,-6.286989083436228531e-01,-1.207435317293913818e-02,-6.286749802109655727e-01,-1.207480117861512749e-02,-6.286988042643176788e-01,-1.207480117861512749e-02,-6.286988042643176788e-01
3.200000000000000178e+00,-1.824191982111877941e-02,-6.244671174358603638e-01,-1.824121836782270634e-02,-6.244431049137142420e-01,-1.824190715952936359e-02,-6.244670198617566781e-01,-1.824190715952936359e-02,-6.244670198617566781e-01
3.220000000000000195e+00,-2.432516567418176526e-02,-6.201638877195300159e-01,-2.432422067548122360e-02,-6.201397952195418783e-01,-2.432515205138902417e-02,-6.201637966764106391e-01,-2.432515205138902417e-02,-6.201637966764106391e-01
3.240000000000000213e+00,-3.032364004478662819e-02,-6.157907109024166603e-01,-3.032244992778293166e-02,-6.157665428612409952e-01,-3.032362560296769996e-02,-6.157906264129258123e-01,-3.032362560296769996e-02,-6.157906264129258123e-01
3.260000000000000231e+00,-3.623645886252079701e-02,-6.113490910116847754e-01,-3.623502213842184211e-02,-6.113248518894113248e-01,-3.623644374443892036e-02,-6.113490130952349277e-01,-3.623644374443892036e-02,-6.113490130952349277e-01
3.280000000000000249e+00,-4.206276441195952454e-02,-6.068405439321562511e-01,-4.206107967639056977e-02,-6.068162382107337161e-01,-4.206274876087501974e-02,-6.068404726048374220e-01,-4.206274876087501974e-02,-6.068404726048374220e-01
3.300000000000000266e+00,-4.780172549795413256e-02,-6.022665969420802901e-01,-4.779979143123909424e-02,-6.022422291237357062e-01,-4.780170945753126760e-02,-6.022665322165702273e-01,-4.780170945753126760e-02,-6.022665322165702273e-01
3.320000000000000284e+00,-5.345253760266884674e-02,-5.976287882465404211e-01,-5.345035297008292330e-02,-5.976043628521966466e-01,-5.345252131687849156e-02,-5.976287301320204470e-01,-5.345252131687849156e-02,-5.976287301320204470e-01
3.339999999999999858e+00,-5.901442303433229036e-02,-5.929286665086523911e-01,-5.901198668632468003e-02,-5.929041880763414873e-01,-5.901440664735064373e-02,-5.929286150107223596e-01,-5.901440664735064373e-02,-5.929286150107223596e-01
3.359999999999999876e+00,-6.448663106767250908e-02,-5.881677903786933781e-01,-6.448394194005996338e-02,-5.881432634619692124e-01,-6.448661472377624493e-02,-5.881677454992936260e-01,-6.448661472377624493e-02,-5.881677454992936260e-01
3.379999999999999893e+00,-6.986843807600502665e-02,-5.833477280213200666e-01,-6.986549519013587894e-02,-5.833231571876685839e-01,-6.986842191946267266e-02,-5.833476897586534760e-01,-6.986842191946267266e-02,-5.833476897586534760e-01
3.399999999999999911e+00,-7.515914765495036731e-02,-5.784700566410179157e-01,-7.515595011783943180e-02,-5.784454464702669663e-01,-7.515913182990985320e-02,-5.784700249894780821e-01,-7.515913182990985320e-02,-5.784700249894780821e-01
3.419999999999999929e+00,-8.035809073775554423e-02,-5.735363620059352741e-01,-8.035463774218971900e-02,-5.735117170886639970e-01,-8.035807538812873851e-02,-5.735363369560368962e-01,-8.035807538812873851e-02,-5.735363369560368962e-01
3.439999999999999947e+00,-8.546462570219988397e-02,-5.685482379702517797e-01,-8.546091652681367390e-02,-5.685235629061999862e-01,-8.546461097154349484e-02,-5.685482195085660440e-01,-8.546461097154349484e-02,-5.685482195085660440e-01
3.459999999999999964e+00,-9.047813846906653523e-02,-5.635072859952300339e-01,-9.047417247838945853e-02,-5.634825853917078131e-01,-9.047812450045999988e-02,-5.635072741043237743e-01,-9.047812450045999988e-02,-5.635072741043237743e-01
3.479999999999999982e+00,-9.539804259216498605e-02,-5.584151146691023193e-01,-9.539381923663874108e-02,-5.583903931394020859e-01,-9.539802952808541792e-02,-5.584151093274817290e-01,-9.539802952808541792e-02,-5.584151093274817290e-01
3.500000000000000000e+00,-1.002237793398913640e-01,-5.532733392259416849e-01,-1.002192981558583801e-01,-5.532486013877507824e-01,-1.002237673220855441e-01,-5.532733404080012463e-01,-1.002237673220855441e-01,-5.532733404080012463e-01
3.520000000000000018e+00,-1.049548177683173600e-01,-5.480835810636713878e-01,-1.049500783779801216e-01,-5.480588315374872455e-01,-1.049548069376712023e-01,-5.480835887396455774e-01,-1.049548069376712023e-01,-5.480835887396455774e-01
3.540000000000000036e+00,-1.095906547857995184e-01,-5.428474672613569085e-01,-1.095856568971504685e-01,-5.428227106689055281e-01,-1.095906452822053706e-01,-5.428474813972800073e-01,-1.095906452822053706e-01,-5.428474813972800073e-01
3.560000000000000053e+00,-1.141308152091058542e-01,-5.375666300959396349e-01,-1.141255586158287649e-01,-5.375418710585967430e-01,-1.141308071713268424e-01,-5.375666506536077582e-01,-1.141308071713268424e-01,-5.375666506536077582e-01
3.580000000000000071e+00,-1.185748518110565780e-01,-5.322427065585557671e-01,-1.185693363923993049e-01,-5.322179496957727407e-01,-1.185748453765896604e-01,-5.322427334954958900e-01,-1.185748453765896604e-01,-5.322427334954958900e-01
3.600000000000000089e+00,-1.229223453596812315e-01,-5.268773378705963184e-01,-1.229165710802985201e-01,-5.268525877983293304e-01,-1.229223406646177269e-01,-5.268773711400400739e-01,-1.229223406646177269e-01,-5.268773711400400739e-01
3.620000000000000107e+00,-1.271729046488945802e-01,-5.214721689996547616e-01,-1.271668715586638243e-01,-5.214474303287993662e-01,-1.271729018277797107e-01,-5.214722085505173466e-01,-1.271729018277797107e-01,-5.214722085505173466e-01
3.640000000000000124e+00,-1.313261665206985895e-01,-5.160288481755147538e-01,-1.313198747545058775e-01,-5.160041255103468005e-01,-1.313261657063891363e-01,-5.160288939523807183e-01,-1.313261657063891363e-01,-5.160288939523807183e-01
3.660000000000000142e+00,-1.353817958789193809e-01,-5.105490264063290429e-01,-1.353752456564174256e-01,-5.105243243429500311e-01,-1.353817972024401739e-01,-5.105490783494426310e-01,-1.353817972024401739e-01,-5.105490783494426310e-01
3.680000000000000160e+00,-1.393394856944902005e-01,-5.050343569951363243e-01,-1.393326773198284574e-01,-5.050096801199259744e-01,-1.393394892848900390e-01,-5.050344150403975885e-01,-1.393394892848900390e-01,-5.050344150403975885e-01
3.700000000000000178e+00,-1.431989570022954850e-01,-4.994864950568669859e-01,-1.431918908638217802e-01,-4.994618479449435822e-01,-1.431989629865018654e-01,-4.994865591358350621e-01,-1.431989629865018654e-01,-4.994865591358350621e-01
3.720000000000000195e+00,-1.469599588895933451e-01,-4.939070970359892843e-01,-1.469526354595273310e-01,-4.938824842496757905e-01,-1.469599673922667993e-01,-4.939071670758905519e-01,-1.469599673922667993e-01,-4.939071670758905519e-01
3.740000000000000213e+00,-1.506222684760347985e-01,-4.882978202249391164e-01,-1.506146883101144307e-01,-4.882732463122388955e-01,-1.506222796194230940e-01,-4.882978961486816871e-01,-1.506222796194230940e-01,-4.882978961486816871e-01
3.760000000000000231e+00,-1.541856908853039831e-01,-4.826603222834871532e-01,-1.541778546224037150e-01,-4.826357917765676242e-01,-1.541857047890961008e-01,-4.826604040096817982e-01,-1.541857047890961008e-01,-4.826604040096817982e-01
3.780000000000000249e+00,-1.576500592084032482e-01,-4.769962607591880510e-01,-1.576419675701249412e-01,-4.769717781728722850e-01,-1.576500759895836656e-01,-4.769963482021741252e-01,-1.576500759895836656e-01,-4.769963482021741252e-01
3.800000000000000266e+00,-1.610152344586103235e-01,-4.713072926090569603e-01,-1.610068882488473185e-01,-4.712828624393274324e-01,-1.610152542313139923e-01,-4.713073856789362637e-01,-1.610152542313139923e-01,-4.713073856789362637e-01
3.820000000000000284e+00,-1.642811055181396529e-01,-4.655950737226260960e-01,-1.642725056226135294e-01,-4.655707004451354880e-01,-1.642811283935071143e-01,-4.655951723253020091e-01,-1.642811283935071143e-01,-4.655951723253020091e-01
3.839999999999999858e+00,-1.674475890765387553e-01,-4.598612584465201492e-01,-1.674387364623092789e-01,-4.598369465151139202e-01,-1.674476151625725884e-01,-4.598613624837422642e-01,-1.674476151625725884e-01,-4.598613624837422642e-01
3.859999999999999876e+00,-1.705146295608561680e-01,-4.541074991106981984e-01,-1.705055252758050643e-01,-4.540832529559494790e-01,-1.705146589622786868e-01,-4.541076084801142776e-01,-1.705146589622786868e-01,-4.541076084801142776e-01
3.879999999999999893e+00,-1.734821990576189688e-01,-4.483354455565098928e-01,-1.734728442299068585e-01,-4.483112695842625950e-01,-1.734822318757310577e-01,-4.483355601517238220e-01,-1.734822318757310577e-01,-4.483355601517238220e-01
3.899999999999999911e+00,-1.763502972266599300e-01,-4.425467446667026294e-01,-1.763406930641576720e-01,-4.425226432566300994e-01,-1.763503335592017662e-01,-4.425468643773378119e-01,-1.763503335592017662e-01,-4.425468643773378119e-01
3.919999999999999929e+00,-1.791189512068381007e-01,-4.367430398975280514e-01,-1.791090989965322122e-01,-4.367190174017012150e-01,-1.791189911478518471e-01,-4.367431646092982955e-01,-1.791189911478518471e-01,-4.367431646092982955e-01
3.939999999999999947e+00,-1.817882155136980871e-01,-4.309259708130873112e-01,-1.817781166210699906e-01,-4.309020315545569191e-01,-1.817882591533924175e-01,-4.309261004078721036e-01,-1.817882591533924175e-01,-4.309261004078721036e-01
3.959999999999999964e+00,-1.843581719291160492e-01,-4.250971726220545976e-01,-1.843478277974969493e-01,-4.250733208934471818e-01,-1.843582193537335878e-01,-4.250973069779815927e-01,-1.843582193537335878e-01,-4.250973069779815927e-01
3.979999999999999982e+00,-1.868289293829835107e-01,-4.192582757169223129e-01,-1.868183415328841246e-01,-4.192345157790490218e-01,-1.868289806746705750e-01,-4.192584147084560398e-01,-1.868289806746705750e-01,-4.192584147084560398e-01
4.000000000000000000e+00,-1.892006238269820784e-01,-4.134109052159030129e-01,-1.891897938553963876e-01,-4.133872412963825460e-01,-1.892006790636611147e-01,-4.134110487139373569e-01,-1.892006790636611147e-01,-4.134110487139373569e-01
4.020000000000000462e+00,-1.914734181005035563e-01,-4.075566805076265564e-01,-1.914623476801899371e-01,-4.075331167995241421e-01,-1.914734773557495440e-01,-4.075568283795867330e-01,-1.914734773557495440e-01,-4.075568283795867330e-01
4.040000000000000036e+00,-1.936475017887754335e-01,-4.016972147987725728e-01,-1.936361926675123635e-01,-4.016737554592520465e-01,-1.936475651316946489e-01,-4.016973669087192111e-01,-1.936475651316946489e-01,-4.016973669087192111e-01
4.060000000000000497e+00,-1.957230910732505602e-01,-3.958341146647670339e-01,-1.957115450730688988e-01,-3.958107638137597362e-01,-1.957231585683633646e-01,-3.958342708735075322e-01,-1.957231585683633646e-01,-3.958342708735075322e-01
4.080000000000000071e+00,-1.977004285743236278e-01,-3.899689796036841516e-01,-1.976886475907151941e-01,-3.899457413225736468e-01,-1.977005002814513079e-01,-3.899691397688900274e-01,-1.977005002814513079e-01,-3.899691397688900274e-01
4.099999999999999645e+00,-1.995797831864415672e-01,-3.841034015934803314e-01,-1.995677691875453186e-01,-3.840802799238029475e-01,-1.995798591605967565e-01,-3.841035655698088469e-01,-1.995798591605967565e-01,-3.841035655698088469e-01
4.120000000000000107e+00,-2.013614499056725349e-01,-3.782389646526966298e-01,-2.013492049314362931e-01,-3.782159635948588727e-01,-2.013615301969540750e-01,-3.782391322919180232e-01,-2.013615301969540750e-01,-3.782391322919180232e-01
4.139999999999999680e+00,-2.030457496498054570e-01,-3.723772444047581121e-01,-2.030332758111266789e-01,-3.723543679167717335e-01,-2.030458343032978397e-01,-3.723774155558883248e-01,-2.030458343032978397e-01,-3.723774155558883248e-01
4.160000000000000142e+00,-2.046330290710515476e-01,-3.665198076459966758e-01,-2.046203285488950030e-01,-3.664970596422305604e-01,-2.046331181267289634e-01,-3.665199821554343540e-01,-2.046331181267289634e-01,-3.665199821554343540e-01
4.179999999999999716e+00,-2.061236603614212126e-01,-3.606682119175304568e-01,-2.061107354059148744e-01,-3.606455962674808280e-01,-2.061237538540559577e-01,-3.606683896291993374e-01,-2.061237538540559577e-01,-3.606683896291993374e-01
4.200000000000000178e+00,-2.075180410508543349e-01,-3.548240050811188873e-01,-2.075048939803643966e-01,-3.548015256081980540e-01,-2.075181390099314072e-01,-3.548241858366149026e-01,-2.075181390099314072e-01,-3.548241858366149026e-01
4.219999999999999751e+00,-2.088165937981813214e-01,-3.489887248991255797e-01,-2.088032269983653433e-01,-3.489663853794688353e-01,-2.088166962478170963e-01,-3.489889085378673483e-01,-2.088166962478170963e-01,-3.489889085378673483e-01
4.240000000000000213e+00,-2.100197661749972911e-01,-3.431638986187038887e-01,-2.100061820978366134e-01,-3.431417027799956720e-01,-2.100198731338639435e-01,-3.431640849780889235e-01,-2.100198731338639435e-01,-3.431640849780889235e-01
4.259999999999999787e+00,-2.111280304425299792e-01,-3.373510425603352125e-01,-2.111142316053428447e-01,-3.373289940806549203e-01,-2.111281419237862333e-01,-3.373512314758990160e-01,-2.111281419237862333e-01,-3.373512314758990160e-01
4.280000000000000249e+00,-2.121418833215900357e-01,-3.315516617108307251e-01,-2.121278723060233407e-01,-3.315297642175181192e-01,-2.121419993328166886e-01,-3.315518530164105471e-01,-2.121419993328166886e-01,-3.315518530164105471e-01
4.299999999999999822e+00,-2.130618457556872070e-01,-3.257672493209246012e-01,-2.130476252066890730e-01,-3.257455063894651448e-01,-2.130619662988289531e-01,-3.257674428488264162e-01,-2.130619662988289531e-01,-3.257674428488264162e-01
4.320000000000000284e+00,-2.138884626674046052e-01,-3.199992865075648174e-01,-2.138740352921784382e-01,-3.199777016604959390e-01,-2.138885877387181889e-01,-3.199994820887344105e-01,-2.138885877387181889e-01,-3.199994820887344105e-01
4.339999999999999858e+00,-2.146223027081204104e-01,-3.142492418610272620e-01,-2.146076712750592252e-01,-3.142278185668647139e-01,-2.146224322981288291e-01,-3.142494393252232010e-01,-2.146224322981288291e-01,-3.142494393252232010e-01
4.360000000000000320e+00,-2.152639580011715126e-01,-3.085185710569547379e-01,-2.152491253387742998e-01,-3.084973127291409933e-01,-2.152640920946239933e-01,-3.085187702329259540e-01,-2.152640920946239933e-01,-3.085187702329259540e-01
4.379999999999999893e+00,-2.158140438785533244e-01,-3.028087164734438175e-01,-2.157990128743235980e-01,-3.027876264693167840e-01,-2.158141824543931275e-01,-3.028089171891087394e-01,-2.158141824543931275e-01,-3.028089171891087394e-01
4.400000000000000355e+00,-2.162731986112536309e-01,-2.971211068132771360e-01,-2.162579722105799351e-01,-2.971001884330619069e-01,-2.162733416425911825e-01,-2.971213088959068216e-01,-2.162733416425911825e-01,-2.971213088959068216e-01
4.419999999999999929e+00,-2.166420831333192853e-01,-2.914571567314211409e-01,-2.166266643383389645e-01,-2.914364132172425625e-01,-2.166422305874123599e-01,-2.914573600078229632e-01,-2.166422305874123599e-01,-2.914573600078229632e-01
4.440000000000000391e+00,-2.169213807597559773e-01,-2.858182664678826645e-01,-2.169057726282020704e-01,-2.857977010028006082e-01,-2.169215325979972908e-01,-2.858184707645868294e-01,-2.169215325979972908e-01,-2.858184707645868294e-01
4.459999999999999964e+00,-2.171117968983648505e-01,-2.802058214860382868e-01,-2.170960025423964712e-01,-2.801854371931059573e-01,-2.171119530762757044e-01,-2.802060266294870705e-01,-2.171119530762757044e-01,-2.802060266294870705e-01
4.480000000000000426e+00,-2.172140587556191660e-01,-2.746211921165309655e-01,-2.171980813406366173e-01,-2.746009920578760255e-01,-2.172142192228506963e-01,-2.746213979332682298e-01,-2.172142192228506963e-01,-2.746213979332682298e-01
4.500000000000000000e+00,-2.172289150366882582e-01,-2.690657332068399077e-01,-2.172127577801323817e-01,-2.690457203827679722e-01,-2.172290797370293736e-01,-2.690659395237025020e-01,-2.172290797370293736e-01,-2.690659395237025020e-01
4.520000000000000462e+00,-2.171571356397158092e-01,-2.635407837766152173e-01,-2.171408018098521242e-01,-2.635209611247374961e-01,-2.171573045111085953e-01,-2.635409904209249921e-01,-2.171573045111085953e-01,-2.635409904209249921e-01
4.540000000000000036e+00,-2.169995113444624646e-01,-2.580476666788792950e-01,-2.169830042591513464e-01,-2.580280370732637718e-01,-2.169996843190241942e-01,-2.580478734786370021e-01,-2.169996843190241942e-01,-2.580478734786370021e-01
4.560000000000000497e+00,-2.167568534954233683e-01,-2.525876882671830304e-01,-2.167401765208758213e-01,-2.525682545175293447e-01,-2.167570304994767549e-01,-2.525878950512613907e-01,-2.167570304994767549e-01,-2.525878950512613907e-01
4.580000000000000071e+00,-2.164299936795342771e-01,-2.471621380688144853e-01,-2.164131502290544129e-01,-2.471429029196530180e-01,-2.164301746336438070e-01,-2.471623446671524504e-01,-2.164301746336438070e-01,-2.471623446671524504e-01
4.600000000000000533e+00,-2.160197833985792459e-01,-2.417722884641421710e-01,-2.160027769312930779e-01,-2.417532545940575539e-01,-2.160199682175955593e-01,-2.417724947079387676e-01,-2.160199682175955593e-01,-2.417724947079387676e-01
4.620000000000000107e+00,-2.155270937364167638e-01,-2.364193943721887015e-01,-2.155099277559892335e-01,-2.364005643930679190e-01,-2.155272823295281415e-01,-2.364196000940966824e-01,-2.155272823295281415e-01,-2.364196000940966824e-01
4.639999999999999680e+00,-2.149528150211408306e-01,-2.311046929425117635e-01,-2.149354930744796222e-01,-2.310860693988167069e-01,-2.149530072919318691e-01,-2.311048979768306200e-01,-2.149530072919318691e-01,-2.311048979768306200e-01
4.660000000000000142e+00,-2.142978564822958787e-01,-2.258294032534819418e-01,-2.142803821582445201e-01,-2.258109886215473039e-01,-2.142980523288136596e-01,-2.258296074363502770e-01,-2.142980523288136596e-01,-2.258296074363502770e-01
4.679999999999999716e+00,-2.135631459032658608e-01,-2.205947260170352253e-01,-2.135455228312847231e-01,-2.205765227043913479e-01,-2.135633452180930036e-01,-2.205949291866217132e-01,-2.135633452180930036e-01,-2.205949291866217132e-01
4.700000000000000178e+00,-2.127496292689576296e-01,-2.154018432899766633e-01,-2.127318611177947960e-01,-2.153838536346978916e-01,-2.127498319392933934e-01,-2.154020452866700630e-01,-2.127498319392933934e-01,-2.154020452866700630e-01
4.719999999999999751e+00,-2.118582704089035096e-01,-2.102519181919178526e-01,-2.118403608852552078e-01,-2.102341444619958422e-01,-2.118584763166509455e-01,-2.102521188585148304e-01,-2.118584763166509455e-01,-2.102521188585148304e-01
4.740000000000000213e+00,-2.108900506359041305e-01,-2.051460946299132060e-01,-2.108720034830651735e-01,-2.051285390226568195e-01,-2.108902596577656718e-01,-2.051462938118050749e-01,-2.108902596577656718e-01,-2.051462938118050749e-01
4.759999999999999787e+00,-2.098459683803391151e-01,-2.000854970298765190e-01,-2.098277873768443214e-01,-2.000681616713366751e-01,-2.098461803879183574e-01,-2.000856945752323979e-01,-2.098461803879183574e-01,-2.000856945752323979e-01
4.780000000000000249e+00,-2.087270388202705773e-01,-1.950712300748378147e-01,-2.087087277785272255e-01,-1.950541170192585660e-01,-2.087272536801812461e-01,-1.950714258347870655e-01,-2.087272536801812461e-01,-1.950714258347870655e-01
4.799999999999999822e+00,-2.075342935074668271e-01,-1.901043784501153799e-01,-2.075158562723787292e-01,-1.900874896794113034e-01,-2.075345110814491023e-01,-1.901045722789254377e-01,-2.075345110814491023e-01,-1.901045722789254377e-01
4.820000000000000284e+00,-2.062687799894753482e-01,-1.851860065954604728e-01,-2.062502204370596504e-01,-1.851693440187200945e-01,-2.062690001345188762e-01,-1.851861983507133991e-01,-2.062690001345188762e-01,-1.851861983507133991e-01
4.839999999999999858e+00,-2.049315614278745257e-01,-1.803171584642445924e-01,-2.049128834638700158e-01,-1.803007239172596532e-01,-2.049317839963477883e-01,-1.803173480070092982e-01,-2.049317839963477883e-01,-1.803173480070092982e-01
4.860000000000000320e+00,-2.035237162128332999e-01,-1.754988572897401011e-01,-2.035049237713034420e-01,-1.754826525345623001e-01,-2.035239410526205051e-01,-1.754990444847414066e-01,-2.035239410526205051e-01,-1.754990444847414066e-01
4.879999999999999893e+00,-2.020463375741128054e-01,-1.707321053585611759e-01,-2.020274346160411683e-01,-1.707161320830842821e-01,-2.020465645287564671e-01,-1.707322900743447891e-01,-2.020465645287564671e-01,-1.707322900743447891e-01
4.900000000000000355e+00,-2.005005331886392517e-01,-1.660178837913110772e-01,-2.004815237005197759e-01,-1.660021436088805480e-01,-2.005007620974898208e-01,-1.660180659004052428e-01,-2.005007620974898208e-01,-1.660180659004052428e-01
4.919999999999999929e+00,-1.988874247847842724e-01,-1.613571523304963007e-01,-1.988683127772057913e-01,-1.613416467795449061e-01,-1.988876554831557342e-01,-1.613573317095682302e-01,-1.988876554831557342e-01,-1.613573317095682302e-01
4.940000000000000391e+00,-1.972081477434836083e-01,-1.567508491357498535e-01,-1.971889372497100945e-01,-1.567355796794603906e-01,-1.972083800628154082e-01,-1.567510256657584367e-01,-1.972083800628154082e-01,-1.567510256657584367e-01
4.959999999999999964e+00,-1.954638506963324307e-01,-1.521998905864190288e-01,-1.954445457708786638e-01,-1.521848586124139591e-01,-1.954640844643570075e-01,-1.522000641527622433e-01,-1.954640844643570075e-01,-1.522000641527622433e-01
4.980000000000000426e+00,-1.936556951207892285e-01,-1.477051710915550375e-01,-1.936362998379921319e-01,-1.476903779116124082e-01,-1.936559301617059581e-01,-1.477053415842124462e-01,-1.936559301617059581e-01,-1.477053415842124462e-01
5.000000000000000000e+00,-1.917848549326276741e-01,-1.432675629073547341e-01,-1.917653733852154319e-01,-1.432530097571516059e-01,-1.917850910672819487e-01,-1.432677302210252079e-01,-1.917850910672819487e-01,-1.432677302210252079e-01
5.020000000000000462e+00,-1.898525160757704167e-01,-1.388879159620867998e-01,-1.898329523734277602e-01,-1.388736040009691808e-01,-1.898527531218385522e-01,-1.388880799963200796e-01,-1.898527531218385522e-01,-1.388880799963200796e-01
5.040000000000000036e+00,-1.878598761096446079e-01,-1.345670576885472369e-01,-1.878402343775763816e-01,-1.345529879993270506e-01,-1.878601138818237204e-01,-1.345672183478704709e-01,-1.878601138818237204e-01,-1.345672183478704709e-01
5.060000000000000497e+00,-1.858081437941953296e-01,-1.303057928640731222e-01,-1.857884281716879471e-01,-1.302919664528521260e-01,-1.858083821043984840e-01,-1.303059500581107422e-01,-1.858083821043984840e-01,-1.303059500581107422e-01
5.080000000000000071e+00,-1.836985386726963931e-01,-1.261049034581516459e-01,-1.836787533116784610e-01,-1.260913212541724948e-01,-1.836987773302526938e-01,-1.261050571017401922e-01,-1.836987773302526938e-01,-1.261050571017401922e-01
5.100000000000000533e+00,-1.815322906524964863e-01,-1.219651484876507624e-01,-1.815124397160980951e-01,-1.219518113431745931e-01,-1.815325294643556353e-01,-1.219652985009466173e-01,-1.815325294643556353e-01,-1.219652985009466173e-01
5.120000000000000107e+00,-1.793106395838411915e-01,-1.178872638797026223e-01,-1.792907272449530687e-01,-1.178741725699136711e-01,-1.793108783547825158e-01,-1.178874101882835812e-01,-1.793108783547825158e-01,-1.178874101882835812e-01
5.139999999999999680e+00,-1.770348348369086833e-01,-1.138719623422603383e-01,-1.770148652767417341e-01,-1.138591175651975929e-01,-1.770350733697544088e-01,-1.138721048772203120e-01,-1.770350733697544088e-01,-1.138721048772203120e-01
5.160000000000000142e+00,-1.747061348772005474e-01,-1.099199332423542452e-01,-1.746861122838462010e-01,-1.099073356188700751e-01,-1.747063729730330972e-01,-1.099200719403913562e-01,-1.747063729730330972e-01,-1.099200719403913562e-01
5.179999999999999716e+00,-1.723258068394275533e-01,-1.060318424920658753e-01,-1.723057354064186641e-01,-1.060194925658107384e-01,-1.723260442978102325e-01,-1.060319772955635037e-01,-1.723260442978102325e-01,-1.060319772955635037e-01
5.200000000000000178e+00,-1.698951261000294644e-01,-1.022083324422351780e-01,-1.698750100249037942e-01,-1.021962306796700554e-01,-1.698953627192310856e-01,-1.022084632993358888e-01,-1.698953627192310856e-01,-1.022084632993358888e-01
5.219999999999999751e+00,-1.674153758484717147e-01,-9.845002178391949743e-02,-1.673952193313372194e-01,-9.843816857435433443e-02,-1.674156114256942496e-01,-9.845014864859161219e-02,-1.674156114256942496e-01,-9.845014864859161219e-02
5.240000000000000213e+00,-1.648878466574569268e-01,-9.475750545761178756e-02,-1.648676538995592356e-01,-9.474590111327046982e-02,-1.648880809890660715e-01,-9.475762828970836493e-02,-1.648880809890660715e-01,-9.475762828970836493e-02
5.259999999999999787e+00,-1.623138360521945711e-01,-9.113135457023205377e-02,-1.622936112544887677e-01,-9.111999932634448629e-02,-1.623140689339524489e-01,-9.113147333554263985e-02,-1.623140689339524489e-01,-9.113147333554263985e-02
5.280000000000000249e+00,-1.596946480788667966e-01,-8.757211631989464395e-02,-1.596743954405919486e-01,-8.756101033481483720e-02,-1.596948793061684913e-01,-8.757223099018872359e-02,-1.596948793061684913e-01,-8.757223099018872359e-02
5.299999999999999822e+00,-1.570315928724342058e-01,-8.408031392846022911e-02,-1.570113165896922236e-01,-8.406945728381046146e-02,-1.570318222405448494e-01,-8.408042448152397430e-02,-1.570318222405448494e-01,-8.408042448152397430e-02
5.320000000000000284e+00,-1.543259862239186042e-01,-8.065644658186962856e-02,-1.543056904882581237e-01,-8.064583928271161495e-02,-1.543262135282131020e-01,-8.065655300153348750e-02,-1.543262135282131020e-01,-8.065655300153348750e-02
5.339999999999999858e+00,-1.515791491473070240e-01,-7.730098937826346273e-02,-1.515588381443123134e-01,-7.729063135329471146e-02,-1.515793741835113895e-01,-7.730109165442242136e-02,-1.515793741835113895e-01,-7.730109165442242136e-02
5.360000000000000320e+00,-1.487924074462134982e-01,-7.401439328387987571e-02,-1.487720853540985821e-01,-7.400428438565669065e-02,-1.487926300106471034e-01,-7.401449141250565633e-02,-1.487926300106471034e-01,-7.401449141250565633e-02
5.379999999999999893e+00,-1.459670912804424958e-01,-7.079708509672887062e-02,-1.459467622686517196e-01,-7.078722510191481909e-02,-1.459673111702611825e-01,-7.079717907987373438e-02,-1.459673111702611825e-01,-7.079717907987373438e-02
5.400000000000000355e+00,-1.431045347325901884e-01,-6.764946741803061492e-02,-1.430842029604054988e-01,-6.763985602767062788e-02,-1.431047517460307117e-01,-6.764955726382296253e-02,-1.431047517460307117e-01,-6.764955726382296253e-02
5.419999999999999929e+00,-1.402060753748267663e-01,-6.457191863141112376e-02,-1.401857449899815145e-01,-6.456255547123160299e-02,-1.402062893114507380e-01,-6.457200435404319983e-02,-1.402062893114507380e-01,-6.457200435404319983e-02
5.440000000000000391e+00,-1.372730538359948904e-01,-6.156479288983770365e-02,-1.372527289732955735e-01,-6.155567751057122033e-02,-1.372732644969334448e-01,-6.156487450954448160e-02,-1.372732644969334448e-01,-6.156487450954448160e-02
5.459999999999999964e+00,-1.343068133691678601e-01,-5.862842011028258915e-02,-1.342864981491235787e-01,-5.861955198801854089e-02,-1.343070205573657361e-01,-5.862849765331268337e-02,-1.343070205573657361e-01,-5.862849765331268337e-02
5.480000000000000426e+00,-1.313086994198006119e-01,-5.576310597609191594e-02,-1.312883979472613816e-01,-5.575448451265182376e-02,-1.313089029402597641e-01,-5.576317947467002156e-02,-1.313089029402597641e-01,-5.576317947467002156e-02
5.500000000000000000e+00,-1.282800591946167135e-01,-5.296913194704364058e-02,-1.282597755574197973e-01,-5.296075647038100964e-02,-1.282802588546386735e-01,-5.296920143932451475e-02,-1.282802588546386735e-01,-5.296920143932451475e-02
5.520000000000000462e+00,-1.252222412313634958e-01,-5.024675527706663064e-02,-1.252019794989900348e-01,-5.023862504169192972e-02,-1.252224368407912070e-01,-5.024682080708089971e-02,-1.252224368407912070e-01,-5.024682080708089971e-02
5.540000000000000036e+00,-1.221365949695770448e-01,-4.759620903959941446e-02,-1.221163591918179581e-01,-4.758832322702918199e-02,-1.221367863410346283e-01,-4.759627065719108929e-02,-1.221367863410346283e-01,-4.759627065719108929e-02
5.560000000000000497e+00,-1.190244703224886402e-01,-4.501770216055615836e-02,-1.190042645281208095e-01,-4.501005987978663053e-02,-1.190246572716198020e-01,-4.501775992131158699e-02,-1.190246572716198020e-01,-4.501775992131158699e-02
5.580000000000000071e+00,-1.158872172502120740e-01,-4.251141945887302459e-02,-1.158670454456850324e-01,-4.250401974687699480e-02,-1.158873995959157771e-01,-4.251147342404180962e-02,-1.158873995959157771e-01,-4.251147342404180962e-02
5.600000000000000533e+00,-1.127261853343430043e-01,-4.007752169459818242e-02,-1.127060515024769505e-01,-4.007036351684663267e-02,-1.127263628990071570e-01,-4.007757193100545262e-02,-1.127263628990071570e-01,-4.007757193100545262e-02
5.620000000000000107e+00,-1.095427233541078904e-01,-3.771614562449330382e-02,-1.095226314528037065e-01,-3.770922787549974703e-02,-1.095428959638400090e-01,-3.771619220444478310e-02,-1.095428959638400090e-01,-3.771619220444478310e-02
5.639999999999999680e+00,-1.063381788641921538e-01,-3.542740406510537510e-02,-1.063181328251518315e-01,-3.542072556899370644e-02,-1.063383463490475134e-01,-3.542744706628318113e-02,-1.063383463490475134e-01,-3.542744706628318113e-02
5.660000000000000142e+00,-1.031138977743829149e-01,-3.321138596327111864e-02,-1.030939015018441235e-01,-3.320494547436678157e-02,-1.031140599685883702e-01,-3.321142546862216466e-02,-1.031140599685883702e-01,-3.321142546862216466e-02
5.679999999999999716e+00,-9.987122393115646646e-02,-3.106815647401021951e-02,-9.985128130063902763e-02,-3.106195267745373578e-02,-9.987138067333133085e-02,-3.106819257162702144e-02,-9.987138067333133085e-02,-3.106819257162702144e-02
5.700000000000000178e+00,-9.661149870133992068e-02,-2.899775704576143878e-02,-9.659161355840518992e-02,-2.899178855814460096e-02,-9.661164983471252909e-02,-2.899778982875452632e-02,-9.661164983471252909e-02,-2.899778982875452632e-02
5.719999999999999751e+00,-9.333606055797977197e-02,-2.700020551291663559e-02,-9.331623671700443878e-02,-2.699447088294069930e-02,-9.333620593059983872e-02,-2.700023507927940339e-02,-9.333620593059983872e-02,-2.700023507927940339e-02
5.740000000000000213e+00,-9.004624466854158071e-02,-2.507549619560012211e-02,-9.002648591150490265e-02,-2.506999390475651152e-02,-9.004638413348775572e-02,-2.507552264806639508e-02,-9.004638413348775572e-02,-2.507552264806639508e-02
5.759999999999999787e+00,-8.674338248557335318e-02,-2.322360000664441468e-02,-8.672369256085857292e-02,-2.321832846991630020e-02,-8.674351590115621236e-02,-2.322362345253831811e-02,-8.674351590115621236e-02,-2.322362345253831811e-02
5.780000000000000249e+00,-8.342880133995354830e-02,-2.144446456570523601e-02,-8.340918396116482614e-02,-2.143942213229107357e-02,-8.342892856991333816e-02,-2.144448511678404001e-02,-8.342892856991333816e-02,-2.144448511678404001e-02
5.799999999999999822e+00,-8.010382403685473163e-02,-1.973801432046225560e-02,-8.008428288164845532e-02,-1.973319927451984077e-02,-8.010394495055327135e-02,-1.973803209275188167e-02,-8.010394495055327135e-02,-1.973803209275188167e-02
5.820000000000000284e+00,-7.676976845454124010e-02,-1.810415067484407586e-02,-7.675030716347368276e-02,-1.809956123625604957e-02,-7.676988292714838347e-02,-1.810416578846770277e-02,-7.676988292714838347e-02,-1.810416578846770277e-02
5.839999999999999858e+00,-7.342794714612942142e-02,-1.654275212421937521e-02,-7.340856932151901271e-02,-1.653838644937822774e-02,-7.342805505880369010e-02,-1.654276470321962983e-02,-7.342805505880369010e-02,-1.654276470321962983e-02
5.860000000000000320e+00,-7.007966694442677169e-02,-1.505367439748864396e-02,-7.006037614923395218e-02,-1.504953058010262239e-02,-7.007976818448892475e-02,-1.505368456964289482e-02,-7.007976818448892475e-02,-1.505368456964289482e-02
5.879999999999999893e+00,-6.672622856997514895e-02,-1.363675060601376131e-02,-6.670702832669835047e-02,-1.363282667793217634e-02,-6.672632303107617346e-02,-1.363675850264303366e-02,-6.672632303107617346e-02,-1.363675850264303366e-02
5.900000000000000355e+00,-6.336892624241287353e-02,-1.229179139931594993e-02,-6.334982003200084755e-02,-1.228808533137385611e-02,-6.336901382469431465e-02,-1.229179715508780732e-02,-6.336901382469431465e-02,-1.229179715508780732e-02
5.919999999999999929e+00,-6.000904729527747200e-02,-1.101858512747484579e-02,-5.999003855606003383e-02,-1.101509483035679332e-02,-6.000912790552488663e-02,-1.101858888020068074e-02,-6.000912790552488663e-02,-1.101858888020068074e-02
5.940000000000000391e+00,-5.664787179436097525e-02,-9.816898010155282114e-03,-5.662896392099636689e-02,-9.813621335278351759e-03,-5.664794534615039123e-02,-9.816899900581274943e-03,-5.664794534615039123e-02,-9.816899900581274943e-03
5.959999999999999964e+00,-5.328667215973739019e-02,-8.686474312190307911e-03,-5.326786850217814229e-02,-8.683409052604389167e-03,-5.328673857357402871e-02,-8.686474483783554468e-03,-5.328673857357402871e-02,-8.686474483783554468e-03
5.980000000000000426e+00,-4.992671279157082781e-02,-7.627036525643136021e-03,-4.990801665404768356e-02,-7.624180416950527422e-03,-4.992677199501976970e-02,-7.627035124372192991e-03,-4.992677199501976970e-02,-7.627035124372192991e-03
6.000000000000000000e+00,-4.656924969982097207e-02,-6.638285558272328385e-03,-4.655066433984569180e-02,-6.635636279564216707e-03,-4.656930162763019132e-02,-6.638282732382927431e-03,-4.656930162763019132e-02,-6.638282732382927431e-03
6.020000000000000462e+00,-4.321553013795149251e-02,-5.719900928319286010e-03,-4.319705876533807415e-02,-5.717456103129483352e-03,-4.321557473216607048e-02,-5.719896828105708493e-03,-4.321557473216607048e-02,-5.719896828105708493e-03
6.040000000000000036e+00,-3.986679224075483086e-02,-4.871540965538209006e-03,-3.984843801666027724e-02,-4.869298162814375899e-03,-3.986682945082349605e-02,-4.871535743109855522e-03,-3.986682945082349605e-02,-4.871535743109855522e-03
6.060000000000000497e+00,-3.652426466639581426e-02,-4.092843018384016186e-03,-3.650603070238039871e-02,-4.090799753474792105e-03,-3.652429444926832969e-02,-4.092836827428051293e-03,-3.652429444926832969e-02,-4.092836827428051293e-03
6.080000000000000071e+00,-3.318916624278436117e-02,-3.383423667274488254e-03,-3.317105559989132202e-02,-3.381577402933114151e-03,-3.318918856300027281e-02,-3.383416662814909062e-03,-3.318918856300027281e-02,-3.383416662814909062e-03
6.100000000000000533e+00,-2.986270561837622503e-02,-2.742878943838574380e-03,-2.984472130623187780e-02,-2.741227091242093902e-03,-2.986272044814454116e-02,-2.742871281991395970e-03,-2.986272044814454116e-02,-2.742871281991395970e-03
6.120000000000000107e+00,-2.654608091750884982e-02,-2.170784556063378758e-03,-2.652822589344295753e-02,-2.169324475847462814e-03,-2.654608823677829035e-02,-2.170776393788904392e-03,-2.654608823677829035e-02,-2.170776393788904392e-03
6.140000000000000568e+00,-2.324047940036770218e-02,-1.666696119248398328e-03,-2.322275656855417314e-02,-1.665425122556821571e-03,-2.324047919688834729e-02,-1.666687614100790865e-03,-2.324047919688834729e-02,-1.666687614100790865e-03
6.160000000000000142e+00,-1.994707712768669858e-02,-1.230149392675842189e-03,-1.992948933830525696e-02,-1.229064742224686858e-03,-1.994706939706154813e-02,-1.230140702549590995e-03,-1.994706939706154813e-02,-1.230140702549590995e-03
6.179999999999999716e+00,-1.666703863027473378e-02,-8.606605219024277042e-04,-1.664958867869366713e-02,-8.597594330584197239e-04,-1.666702337600177442e-02,-8.606518047771706146e-04,-1.666702337600177442e-02,-8.606518047771706146e-04
6.200000000000000178e+00,-1.340151658346716047e-02,-5.577262865778242215e-04,-1.338420720944768529e-02,-5.570059284503531228e-04,-1.340149381697177192e-02,-5.577177002611703391e-04,-1.340149381697177192e-02,-5.577177002611703391e-04
6.219999999999999751e+00,-1.015165148659369181e-02,-3.208243536923762124e-04,-1.013448537351504218e-02,-3.202818502388603337e-04,-1.015162122725150363e-02,-3.208160555610619627e-04,-1.015162122725150363e-02,-3.208160555610619627e-04
6.240000000000000213e+00,-6.918571347552673369e-03,-1.494135361554054333e-04,-6.901551121659691562e-03,-1.490459672996258895e-04,-6.918533622701899741e-03,-1.494056828952230868e-04,-6.918533622701899741e-03,-1.494056828952230868e-04
6.259999999999999787e+00,-3.703391372584576794e-03,-4.293405660417864603e-05,-3.686519602257199053e-03,-4.273845936681509069e-05,-3.703346217528521826e-03,-4.292680394938214590e-05,-3.703346217528521826e-03,-4.292680394938214590e-05
6.280000000000000249e+00,-5.072136613277054449e-04,-8.078163415267514778e-07,-4.904928563723779918e-04,-7.811859830907244375e-07,-5.071611193275095755e-04,-8.013188136620852225e-07,-5.071611193275095755e-04,-8.013188136620852225e-07
6.299999999999999822e+00,2.668873092753923024e-03,-2.243866929918329338e-05,2.685440481790689251e-03,-2.257796047438495959e-05,2.668932970496856651e-03,-2.243307994537729048e-05,2.668932970496856651e-03,-2.243307994537729048e-05
6.320000000000000284e+00,5.823793896491599557e-03,-1.072127009220837503e-04,5.840205478986379428e-03,-1.075148288454801250e-04,5.823861050863680944e-03,-1.072081710543327338e-04,5.823861050863680944e-03,-1.072081710543327338e-04
6.339999999999999858e+00,8.956487745595908753e-03,-2.544985118676815704e-04,8.972741191489268242e-03,-2.549603534896666135e-04,8.956562109609425212e-03,-2.544951908021229436e-04,8.956562109609425212e-03,-2.544951908021229436e-04
6.360000000000000320e+00,1.206590790762875932e-02,-4.636475064129481709e-04,1.208200094804343788e-02,-4.642659016067921017e-04,1.206598940647050748e-02,-4.636455412105585164e-04,1.206598940647050748e-02,-4.636455412105585164e-04
6.379999999999999893e+00,1.515102219928156184e-02,-7.339941854602515057e-04,1.516695262711709527e-02,-7.347659382183645066e-04,1.515111075037113043e-02,-7.339937206685400936e-04,1.515111075037113043e-02,-7.339937206685400936e-04
6.400000000000000355e+00,1.821081325788949726e-02,-1.064856444032395580e-03,1.822657892839341445e-02,-1.065778323672091597e-03,1.821090877094859797e-02,-1.064857621429300813e-03,1.821090877094859797e-02,-1.064857621429300813e-03
6.419999999999999929e+00,2.124427880710243882e-02,-1.455535873145245331e-03,2.125987763841935899e-02,-1.456604615523818778e-03,2.124438118423387437e-02,-1.455538831484436569e-03,2.124438118423387437e-02,-1.455538831484436569e-03
6.440000000000000391e+00,2.425043191664794442e-02,-1.905318065945989367e-03,2.426586189034367000e-02,-1.906530374683761478e-03,2.425054105242550190e-02,-1.905322940705744296e-03,2.425054105242550190e-02,-1.905322940705744296e-03
6.459999999999999964e+00,2.722830125611207588e-02,-2.413472928002986795e-03,2.724356041767504039e-02,-2.414825475715239988e-03,2.722841703768056135e-02,-2.413479851136840753e-03,2.722841703768056135e-02,-2.413479851136840753e-03
6.480000000000000426e+00,3.017693134267658214e-02,-2.979254991633150350e-03,3.019201780199490606e-02,-2.980744421168763942e-03,3.017705364986100411e-02,-2.979264091324316296e-03,3.017705364986100411e-02,-2.979264091324316296e-03
6.500000000000000000e+00,3.309538278274071904e-02,-3.601903734150216363e-03,3.311029471455576717e-02,-3.603526659837939187e-03,3.309551148816670951e-02,-3.601915134569859834e-03,3.309551148816670951e-02,-3.601915134569859834e-03
6.520000000000000462e+00,3.598273250737434731e-02,-4.280643899918228253e-03,3.599746815170973280e-02,-4.282396908819578567e-03,3.598286747659790868e-02,-4.280657720987122647e-03,3.598286747659790868e-02,-4.280657720987122647e-03
6.540000000000000036e+00,3.883807400153271860e-02,-5.014685826091169925e-03,3.885263166410065500e-02,-5.016565479259535443e-03,3.883821509318032689e-02,-5.014702183246168461e-03,3.883821509318032689e-02,-5.014702183246168461e-03
6.560000000000000497e+00,4.166051752698384653e-02,-5.803225771921329337e-03,4.167489557956579466e-02,-5.805228605667197769e-03,4.166066459290277552e-02,-5.803244775886765364e-03,4.166066459290277552e-02,-5.803244775886765364e-03
6.580000000000000071e+00,4.444919033888597437e-02,-6.645446251515533392e-03,4.446338721968962765e-02,-6.647568778676250616e-03,4.444934322430301593e-02,-6.645468008079294907e-03,4.444934322430301593e-02,-6.645468008079294907e-03
6.600000000000000533e+00,4.720323689596646333e-02,-7.540516369919802835e-03,4.721725110995862729e-02,-7.542755081135046544e-03,4.720339543965695189e-02,-7.540540979715138967e-03,4.720339543965695189e-02,-7.540540979715138967e-03
6.620000000000000107e+00,4.992181906424637133e-02,-8.487592162409874144e-03,4.993564918346117543e-02,-8.489943527400905729e-03,4.992198309871271472e-02,-8.487619720702969592e-03,4.992198309871271472e-02,-8.487619720702969592e-03
6.640000000000000568e+00,5.260411631426742396e-02,-9.485816936866894172e-03,5.261776097809052477e-02,-9.488277405720108373e-03,5.260428566592673799e-02,-9.485847533350874258e-03,5.260428566592673799e-02,-9.485847533350874258e-03
6.660000000000000142e+00,5.524932591176959229e-02,-1.053432161911392780e-02,5.526278382719723714e-02,-1.053688762356759859e-02,5.524950040115038374e-02,-1.053435533770929328e-02,5.524950040115038374e-02,-1.053435533770929328e-02
6.679999999999999716e+00,5.785666310177834532e-02,-1.163222510109093201e-02,5.786993304365310037e-02,-1.163489305582546610e-02,5.785684254372641666e-02,-1.163226201975297788e-02,5.785684254372641666e-02,-1.163226201975297788e-02
6.700000000000000178e+00,6.042536128605945078e-02,-1.277863459174337878e-02,6.043844209727999850e-02,-1.278140089567343651e-02,6.042554548995141689e-02,-1.277867478227670550e-02,6.042554548995141689e-02,-1.277867478227670550e-02
6.719999999999999751e+00,6.295467219389834501e-02,-1.397264597049923361e-02,6.296756278560594611e-02,-1.397550700806829936e-02,6.295486096386464225e-02,-1.397268949838014959e-02,6.295486096386464225e-02,-1.397268949838014959e-02
6.740000000000000213e+00,6.544386604617244418e-02,-1.521334414321031878e-02,6.545656539791187833e-02,-1.521629628568683078e-02,6.544405918132834010e-02,-1.521339106741722777e-02,6.544405918132834010e-02,-1.521339106741722777e-02
6.759999999999999787e+00,6.789223171267619317e-02,-1.649980340043028654e-02,6.790473887253316299e-02,-1.650284300720523262e-02,6.789242900736049136e-02,-1.649985377328213806e-02,6.789242900736049136e-02,-1.649985377328213806e-02
6.780000000000000249e+00,7.029907686266964606e-02,-1.783108777790445854e-02,7.031139094738333983e-02,-1.783421119778906550e-02,7.029927810669127364e-02,-1.783114164490802803e-02,7.029927810669127364e-02,-1.783114164490802803e-02
6.799999999999999822e+00,7.266372810861886078e-02,-1.920625141914334560e-02,7.267584830366934090e-02,-1.920945499166734627e-02,7.266393308751113722e-02,-1.920630881884944491e-02,7.266393308751113722e-02,-1.920630881884944491e-02
6.820000000000000284e+00,7.498553114310151091e-02,-2.062433893995392967e-02,7.499745670277363496e-02,-2.062761899666368942e-02,7.498573963838298106e-02,-2.062439990382245250e-02,7.498573963838298106e-02,-2.062439990382245250e-02
6.839999999999999858e+00,7.726385086884952902e-02,-2.208438579479935632e-02,7.727558111627158555e-02,-2.208773866055504381e-02,7.726406265829212361e-02,-2.208445034707463492e-02,7.726406265829212361e-02,-2.208445034707463492e-02
6.860000000000000320e+00,7.949807152190990767e-02,-2.358541864486134523e-02,7.950960584906846540e-02,-2.358884063913319756e-02,7.949828637981365409e-02,-2.358548680245657961e-02,7.949828637981365409e-02,-2.358548680245657961e-02
6.879999999999999893e+00,8.168759678789880296e-02,-2.512645572767494354e-02,8.169893465562892698e-02,-2.512994316583783139e-02,8.168781448537257295e-02,-2.512652750006718130e-02,8.168781448537257295e-02,-2.512652750006718130e-02
6.900000000000000355e+00,8.383184991133346697e-02,-2.670650722820918158e-02,8.384299084928505119e-02,-2.671005642283528353e-02,8.383207021658228841e-02,-2.670658261734461941e-02,8.383207021658228841e-02,-2.670658261734461941e-02
6.919999999999999929e+00,8.593027379802437027e-02,-2.832457565126341587e-02,8.594121740460364256e-02,-2.832818291341173203e-02,8.593049647664127710e-02,-2.832465465147341113e-02,8.593049647664127710e-02,-2.832465465147341113e-02
6.940000000000000391e+00,8.798233111051570465e-02,-2.997965619505247106e-02,8.799307705280293157e-02,-2.998331783555653607e-02,8.798255592577922113e-02,-2.997973879297982647e-02,8.798255592577922113e-02,-2.997973879297982647e-02
6.959999999999999964e+00,8.998750435655974989e-02,-3.167073712584949491e-02,8.999805237020314097e-02,-3.167444945660048000e-02,8.998773106973670388e-02,-3.167082330038681337e-02,8.998773106973670388e-02,-3.167082330038681337e-02
6.980000000000000426e+00,9.194529597062087167e-02,-3.339680015356055048e-02,9.195564585970604499e-02,-3.340055948878713210e-02,9.194552434127334362e-02,-3.339688987579937651e-02,9.194552434127334362e-02,-3.339688987579937651e-02
7.000000000000000000e+00,9.385522838839854831e-02,-3.515682080809937743e-02,9.386538002529458413e-02,-3.516062346564358815e-02,9.385545817469495566e-02,-3.515691404129118319e-02,9.385545817469495566e-02,-3.515691404129118319e-02
7.020000000000000462e+00,9.571684411436771900e-02,-3.694976881643585037e-02,9.572679743954981557e-02,-3.695361111902341344e-02,9.571707507339767551e-02,-3.694986551596457502e-02,9.571707507339767551e-02,-3.694986551596457502e-02
7.040000000000000036e+00,9.752970578233502441e-02,-3.877460848018808581e-02,9.753946080418200715e-02,-3.877848675669390982e-02,9.752993767042680839e-02,-3.877470859355441196e-02,9.752993767042680839e-02,-3.877470859355441196e-02
7.060000000000000497e+00,9.929339620900833052e-02,-4.063029905362999794e-02,9.930295300357860899e-02,-4.063420964033840482e-02,9.929362878205089116e-02,-4.063040252044840261e-02,9.929362878205089116e-02,-4.063040252044840261e-02
7.080000000000000071e+00,1.010075184405872656e-01,-4.251579512198620098e-02,1.010168771513705321e-01,-4.251973436384483274e-02,1.010077514543529231e-01,-4.251590187399386517e-02,1.010077514543529231e-01,-4.251590187399386517e-02
7.100000000000000533e+00,1.026716957923769630e-01,-4.443004697988647833e-02,1.026808566300224379e-01,-4.443401123175339668e-02,1.026719290028473563e-01,-4.443015694096470736e-02,1.026719290028473563e-01,-4.443015694096470736e-02
7.120000000000000107e+00,1.042855718814327398e-01,-4.637200100985038737e-02,1.042945351234550733e-01,-4.637598663773453284e-02,1.042858050451259122e-01,-4.637211409605881268e-02,1.042858050451259122e-01,-4.637211409605881268e-02
7.140000000000000568e+00,1.058488106522483957e-01,-4.834060006067712745e-02,1.058575766427102827e-01,-4.834460344297177720e-02,1.058490435265469071e-01,-4.834071618030021805e-02,1.058490435265469071e-01,-4.834071618030021805e-02
7.160000000000000142e+00,1.073610963954966246e-01,-5.033478382561022701e-02,1.073696655446683967e-01,-5.033880135431813979e-02,1.073613287389767607e-01,-5.033490287921681822e-02,1.073613287389767607e-01,-5.033490287921681822e-02
7.179999999999999716e+00,1.088221337598398453e-01,-5.235348922015339163e-02,1.088305065438373298e-01,-5.235751730210411181e-02,1.088223653326011869e-01,-5.235361110066933527e-02,1.088223653326011869e-01,-5.235361110066933527e-02
7.200000000000000178e+00,1.102316477568268255e-01,-5.439565075940908795e-02,1.102398247172263479e-01,-5.439968581746761067e-02,1.102318783208209724e-01,-5.439577535220234406e-02,1.102318783208209724e-01,-5.439577535220234406e-02
7.219999999999999751e+00,1.115893837588937398e-01,-5.646020093481424890e-02,1.115973655023251299e-01,-5.646423940908039396e-02,1.115896130782532275e-01,-5.646032811779364002e-02,1.115896130782532275e-01,-5.646032811779364002e-02
7.240000000000000213e+00,1.128951074904934182e-01,-5.854607059014927534e-02,1.129028946882104367e-01,-5.855010893914819325e-02,1.128953353318588454e-01,-5.854620023387549499e-02,1.128953353318588454e-01,-5.854620023387549499e-02
7.259999999999999787e+00,1.141486050123740187e-01,-6.065218929669277670e-02,1.141561983998041901e-01,-6.065622399855492841e-02,1.141488311452194537e-01,-6.065232126450304656e-02,1.141488311452194537e-01,-6.065232126450304656e-02
7.280000000000000249e+00,1.153496826990357133e-01,-6.277748572740100841e-02,1.153570830753079257e-01,-6.278151328103304118e-02,1.153499068959930873e-01,-6.277761987554682233e-02,1.153499068959930873e-01,-6.277761987554682233e-02
7.299999999999999822e+00,1.164981672093923920e-01,-6.492088802998557950e-02,1.165053754368428340e-01,-6.492490495622953162e-02,1.164983892465720067e-01,-6.492102420778329830e-02,1.164983892465720067e-01,-6.492102420778329830e-02
7.320000000000000284e+00,1.175939054506696252e-01,-6.708132419876909613e-02,1.176009224543273640e-01,-6.708532704155086013e-02,1.175941251079782729e-01,-6.708146224876347652e-02,1.175941251079782729e-01,-6.708146224876347652e-02
7.339999999999999858e+00,1.186367645355709266e-01,-6.925772244519404208e-02,1.186435913026225586e-01,-6.926170777266109357e-02,1.186369815970268055e-01,-6.925786220333519927e-02,1.186369815970268055e-01,-6.925786220333519927e-02
7.360000000000000320e+00,1.196266317327491779e-01,-7.144901156686646326e-02,1.196332693119818436e-01,-7.145297597251305810e-02,1.196268459867916162e-01,-7.144915286269931665e-02,1.196268459867916162e-01,-7.144915286269931665e-02
7.379999999999999893e+00,1.205634144106178390e-01,-7.365412131501049287e-02,1.205698639118430449e-01,-7.365806141879113755e-02,1.205636256504136750e-01,-7.365426397187728458e-02,1.205636256504136750e-01,-7.365426397187728458e-02
7.400000000000000355e+00,1.214470399745441881e-01,-7.587198276021753229e-02,1.214533025680015754e-01,-7.587589520964822809e-02,1.214472479982887237e-01,-7.587212659547275251e-02,1.214472479982887237e-01,-7.587212659547275251e-02
7.419999999999999929e+00,1.222774557974641574e-01,-7.810152865636808828e-02,1.222835327132042460e-01,-7.810541012761389179e-02,1.222776604086763252e-01,-7.810167348160680645e-02,1.222776604086763252e-01,-7.810167348160680645e-02
7.440000000000000391e+00,1.230546291439636591e-01,-8.034169380261116378e-02,1.230605216712120087e-01,-8.034554100156149348e-02,1.230548301517755128e-01,-8.034183942390893396e-02,1.230548301517755128e-01,-8.034183942390893396e-02
7.459999999999999964e+00,1.237785470878710881e-01,-8.259141540328146514e-02,1.237842565743730444e-01,-8.259522506661141905e-02,1.237787443073105897e-01,-8.259156162144712376e-02,1.237787443073105897e-01,-8.259156162144712376e-02
7.480000000000000426e+00,1.244492164234108356e-01,-8.484963342564140476e-02,1.244547442747564736e-01,-8.485340232185896447e-02,1.244494096756779133e-01,-8.484978003648166456e-02,1.244494096756779133e-01,-8.484978003648166456e-02
7.500000000000000000e+00,1.250666635699651807e-01,-8.711529095532988265e-02,1.250720112488965530e-01,-8.711901588580928113e-02,1.250668526827000138e-01,-8.711543774992611122e-02,1.250668526827000138e-01,-8.711543774992611122e-02
7.520000000000000462e+00,1.256309344704992781e-01,-8.938733454940729628e-02,1.256361034961987755e-01,-8.939101234940739771e-02,1.256311192780429908e-01,-8.938748131440399369e-02,1.256311192780429908e-01,-8.938748131440399369e-02
7.540000000000000036e+00,1.261420944837014224e-01,-9.166471458688067731e-02,1.261470864310618722e-01,-9.166834212654928482e-02,1.261422748273484384e-01,-9.166486110478583305e-02,1.261422748273484384e-01,-9.166486110478583305e-02
7.560000000000000497e+00,1.266002282698964476e-01,-9.394638561660130505e-02,1.266050447687732672e-01,-9.394995980196321761e-02,1.266004039981369345e-01,-9.394653166609706618e-02,1.266004039981369345e-01,-9.394653166609706618e-02
7.580000000000000071e+00,1.270054396707875344e-01,-9.623130670241947238e-02,1.270100824052340371e-01,-9.623482447634906789e-02,1.270056106395422157e-01,-9.623145205868430252e-02,1.270056106395422157e-01,-9.623145205868430252e-02
7.600000000000000533e+00,1.273578515830903202e-01,-9.851844176549276466e-02,1.273623222905744257e-01,-9.852190010867195591e-02,1.273580176559337973e-01,-9.851858620053478843e-02,1.273580176559337973e-01,-9.851858620053478843e-02
7.620000000000000107e+00,1.276576058261173763e-01,-1.008067599236346923e-01,1.276619062967231932e-01,-1.008101558554931748e-01,1.276577668744922622e-01,-1.008069032066346571e-01,1.276577668744922622e-01,-1.008069032066346571e-01
7.640000000000000568e+00,1.279048630033800538e-01,-1.030952358276014669e-01,1.279089950789917829e-01,-1.030985664072415486e-01,1.279050189068000332e-01,-1.030953777252664322e-01,1.279050189068000332e-01,-1.030953777252664322e-01
7.660000000000000142e+00,1.280998023582717860e-01,-1.053828499942083829e-01,1.281037679317414968e-01,-1.053861123213127027e-01,1.280999530045135448e-01,-1.053829902711345412e-01,1.280999530045135448e-01,-1.053829902711345412e-01
7.679999999999999716e+00,1.282426216239011540e-01,-1.076685891361742614e-01,1.282464226382004913e-01,-1.076717803518961875e-01,1.282427669091843747e-01,-1.076687275552190293e-01,1.282427669091843747e-01,-1.076687275552190293e-01
7.700000000000000178e+00,1.283335368671429111e-01,-1.099514464885890247e-01,1.283371753145000904e-01,-1.099545637764264144e-01,1.283336766962992481e-01,-1.099515828112531818e-01,1.283336766962992481e-01,-1.099515828112531818e-01
7.719999999999999751e+00,1.283727823269806001e-01,-1.122304221319054690e-01,1.283762602480013615e-01,-1.122334627185560124e-01,1.283729166136091115e-01,-1.122305561187223050e-01,1.283729166136091115e-01,-1.122305561187223050e-01
7.740000000000000213e+00,1.283606102472114041e-01,-1.145045233113544669e-01,1.283639297299853654e-01,-1.145074844675543629e-01,1.283607389138218535e-01,-1.145046547222885597e-01,1.283607389138218535e-01,-1.145046547222885597e-01
7.759999999999999787e+00,1.282972907035895560e-01,-1.167727647526852763e-01,1.283004538827823560e-01,-1.167756437940285635e-01,1.282974136817325583e-01,-1.167728933475378067e-01,1.282974136817325583e-01,-1.167728933475378067e-01
7.780000000000000249e+00,1.281831114254840531e-01,-1.190341689741353098e-01,1.281861204814145616e-01,-1.190369632618752810e-01,1.281832286558670653e-01,-1.190342945129572311e-01,1.281832286558670653e-01,-1.190342945129572311e-01
7.799999999999999822e+00,1.280183776121288641e-01,-1.212877665945320954e-01,1.280212347698336250e-01,-1.212904735363646846e-01,1.280184890447188251e-01,-1.212878888380440334e-01,1.280184890447188251e-01,-1.212878888380440334e-01
7.820000000000000284e+00,1.278034117435457584e-01,-1.235325966374370282e-01,1.278061192718294437e-01,-1.235352136882645058e-01,1.278035173376575184e-01,-1.235327153474555101e-01,1.278035173376575184e-01,-1.235327153474555101e-01
7.839999999999999858e+00,1.275385533862213594e-01,-1.257677068312356428e-01,1.275411135966941778e-01,-1.257702314939115606e-01,1.275386531105906496e-01,-1.257678217711045709e-01,1.275386531105906496e-01,-1.257678217711045709e-01
7.860000000000000320e+00,1.272241589936203288e-01,-1.279921539050867529e-01,1.272265742397229171e-01,-1.279945837311423085e-01,1.272242528264629358e-01,-1.279922648401149998e-01,1.272242528264629358e-01,-1.279922648401149998e-01
7.879999999999999893e+00,1.268606017016210841e-01,-1.302050038806397136e-01,1.268628743776374357e-01,-1.302073364709892822e-01,1.268606896306760101e-01,-1.302051105785430041e-01,1.268606896306760101e-01,-1.302051105785430041e-01
7.900000000000000355e+00,1.264482711189584552e-01,-1.324053323594350240e-01,1.264504036590161640e-01,-1.324075653650628737e-01,1.264483531415160344e-01,-1.324054345907817731e-01,1.264483531415160344e-01,-1.324054345907817731e-01
7.919999999999999929e+00,1.259875731127619303e-01,-1.345922248059002180e-01,1.259895679898214160e-01,-1.345943559285274482e-01,1.259876492356754030e-01,-1.345923223445612271e-01,1.259876492356754030e-01,-1.345923223445612271e-01
7.940000000000000391e+00,1.254789295892777823e-01,-1.367647768258605234e-01,1.254807893141110797e-01,-1.367668038185912149e-01,1.254789998289600195e-01,-1.367648694494613959e-01,1.254789998289600195e-01,-1.367648694494613959e-01
7.959999999999999964e+00,1.249227782698669326e-01,-1.389220944404796765e-01,1.249245053900243374e-01,-1.389240151084273622e-01,1.249228426522697166e-01,-1.389221819308565364e-01,1.249228426522697166e-01,-1.389221819308565364e-01
7.980000000000000426e+00,1.243195724623682025e-01,-1.410632943555536756e-01,1.243211695611357581e-01,-1.410651065564470230e-01,1.243196310229458673e-01,-1.410633764992097472e-01,1.243196310229458673e-01,-1.410633764992097472e-01
8.000000000000000000e+00,1.236697808279227373e-01,-1.431875042260767061e-01,1.236712505232691744e-01,-1.431892058708449655e-01,1.236698336115786140e-01,-1.431875808146398921e-01,1.236698336115786140e-01,-1.431875808146398921e-01
8.019999999999999574e+00,1.229738871433520842e-01,-1.452938629160049899e-01,1.229752320868666843e-01,-1.452954519693421265e-01,1.229739342043682099e-01,-1.452939337466868652e-01,1.229739342043682099e-01,-1.452939337466868652e-01
8.040000000000000924e+00,1.222323900591867768e-01,-1.473815207531427862e-01,1.222336129350079792e-01,-1.473829952340507954e-01,1.222324314611367840e-01,-1.473815856291968707e-01,1.222324314611367840e-01,-1.473815856291968707e-01
8.060000000000000497e+00,1.214458028534425998e-01,-1.494496397790776032e-01,1.214469063771775048e-01,-1.494509977613892593e-01,1.214458386690873554e-01,-1.494496985102569953e-01,1.214458386690873554e-01,-1.494496985102569953e-01
8.080000000000000071e+00,1.206146531812419681e-01,-1.514973939940965075e-01,1.206156400988784017e-01,-1.514986336069764905e-01,1.206146834924077815e-01,-1.514974463971101581e-01,1.206146834924077815e-01,-1.514974463971101581e-01
8.099999999999999645e+00,1.197394828203810352e-01,-1.535239695970112561e-01,1.197403559071907181e-01,-1.535250890254357126e-01,1.197395077178206868e-01,-1.535240154959778003e-01,1.197395077178206868e-01,-1.535240154959778003e-01
8.120000000000000995e+00,1.188208474129422154e-01,-1.555285652198278301e-01,1.188216094723776872e-01,-1.555295627050427287e-01,1.188208669961787339e-01,-1.555286044467266426e-01,1.188208669961787339e-01,-1.555286044467266426e-01
8.140000000000000568e+00,1.178593162030545649e-01,-1.575103921571936738e-01,1.178599700656376148e-01,-1.575112659971518725e-01,1.178593305802072833e-01,-1.575104245523122060e-01,1.178593305802072833e-01,-1.575104245523122060e-01
8.160000000000000142e+00,1.168554717709037044e-01,-1.594686745905627145e-01,1.168560202931087366e-01,-1.594694231403387674e-01,1.168554810584969267e-01,-1.594687000029400836e-01,1.168554810584969267e-01,-1.594687000029400836e-01
8.179999999999999716e+00,1.158099097630965468e-01,-1.614026498070132154e-01,1.158103558262264104e-01,-1.614032714791966694e-01,1.158099140858509513e-01,-1.614026680948784098e-01,1.158099140858509513e-01,-1.614026680948784098e-01
8.199999999999999289e+00,1.147232386194845244e-01,-1.633115684126627554e-01,1.147235851285412639e-01,-1.633120616777298251e-01,1.147232381100908027e-01,-1.633115794438667889e-01,1.147232381100908027e-01,-1.633115794438667889e-01
8.220000000000000639e+00,1.135960792965511890e-01,-1.651946945406221057e-01,1.135963291791013408e-01,-1.651950579272847830e-01,1.135960740954264636e-01,-1.651946981930640101e-01,1.135960740954264636e-01,-1.651946981930640101e-01
8.240000000000000213e+00,1.124290649874715997e-01,-1.670513060534324357e-01,1.124292211925066315e-01,-1.670515381489660889e-01,1.124290552424988682e-01,-1.670513022154778426e-01,1.124290552424988682e-01,-1.670513022154778426e-01
8.259999999999999787e+00,1.112228408389497325e-01,-1.688806947399359160e-01,1.112229063357416670e-01,-1.688807941904847398e-01,1.112228267051996594e-01,-1.688806833108280891e-01,1.112228267051996594e-01,-1.688806833108280891e-01
8.279999999999999361e+00,1.099780636649432958e-01,-1.706821665065250959e-01,1.099780414418963931e-01,-1.706821320173850243e-01,1.099780453043793099e-01,-1.706821473967864988e-01,1.099780453043793099e-01,-1.706821473967864988e-01
8.300000000000000711e+00,1.086954016573847270e-01,-1.724550415627253974e-01,1.086952947208837256e-01,-1.724548718986053109e-01,1.086953792385513956e-01,-1.724550146945500184e-01,1.086953792385513956e-01,-1.724550146945500184e-01
8.320000000000000284e+00,1.073755340940086428e-01,-1.741986546010623194e-01,1.073753454672634056e-01,-1.741983485863229930e-01,1.073755077917025319e-01,-1.741986199086980602e-01,1.073755077917025319e-01,-1.741986199086980602e-01
8.339999999999999858e+00,1.060191510433948214e-01,-1.759123549711713308e-01,1.060188837652825400e-01,-1.759119114900414005e-01,1.060191210383201604e-01,-1.759123124012907102e-01,1.060191210383201604e-01,-1.759123124012907102e-01
8.359999999999999432e+00,1.046269530673403503e-01,-1.775955068481043508e-01,1.046266101912451951e-01,-1.775949248448750739e-01,1.046269195457473211e-01,-1.775954563601636893e-01,1.046269195457473211e-01,-1.775954563601636893e-01
8.380000000000000782e+00,1.031996509206708490e-01,-1.792474893947967329e-01,1.031992355133213302e-01,-1.792467678739932679e-01,1.031996140739794149e-01,-1.792474309613827366e-01,1.031996140739794149e-01,-1.792474309613827366e-01
8.400000000000000355e+00,1.017379652486048308e-01,-1.808676969186530648e-01,1.017374803889103535e-01,-1.808668349451849067e-01,1.017379252730111761e-01,-1.808676305258160866e-01,1.017379252730111761e-01,-1.808676305258160866e-01
8.419999999999999929e+00,1.002426262817819602e-01,-1.824555390222190043e-01,1.002420750596677013e-01,-1.824545357215064945e-01,1.002425833778512188e-01,-1.824554646697920945e-01,1.002425833778512188e-01,-1.824554646697920945e-01
8.439999999999999503e+00,9.871437352907182217e-02,-1.840104407479031257e-01,9.871375904431327342e-02,-1.840092953059825898e-01,9.871432790131484669e-02,-1.840103584498056777e-01,9.871432790131484669e-02,-1.840103584498056777e-01
8.460000000000000853e+00,9.715395546827450268e-02,-1.855318427167179096e-01,9.715328082933132048e-02,-1.855305543803247581e-01,9.715390732471089474e-02,-1.855317525012447621e-01,9.715390732471089474e-02,-1.855317525012447621e-01
8.480000000000000426e+00,9.556212923482958199e-02,-1.870192012610102650e-01,9.556139755768013055e-02,-1.870177693376388617e-01,9.556207878653660837e-02,-1.870191031711029017e-01,9.556207878653660837e-02,-1.870191031711029017e-01
8.500000000000000000e+00,9.393966030864592254e-02,-1.884719885511557114e-01,9.393887471562235858e-02,-1.884704124090977873e-01,9.393960776929312362e-02,-1.884718826446578066e-01,9.393960776929312362e-02,-1.884718826446578066e-01
8.519999999999999574e+00,9.228732219917010204e-02,-1.898896927161883297e-01,9.228648581779373694e-02,-1.898879717845491644e-01,9.228726778454177104e-02,-1.898895790660818372e-01,9.228726778454177104e-02,-1.898895790660818372e-01
8.540000000000000924e+00,9.060589612880705357e-02,-1.912718179583461076e-01,9.060501209062638006e-02,-1.912699517270382843e-01,9.060584005631149018e-02,-1.912716966529701135e-01,9.060584005631149018e-02,-1.912716966529701135e-01
8.560000000000000497e+00,8.889617071481008270e-02,-1.926178846615091977e-01,8.889524215423960651e-02,-1.926158726812239874e-01,8.889611320297718944e-02,-1.926177558047577065e-01,8.889611320297718944e-02,-1.926177558047577065e-01
8.580000000000000071e+00,8.715894164975405978e-02,-1.939274294935143805e-01,8.715797170291608720e-02,-1.939252713756722535e-01,8.715888291772136420e-02,-1.939272932050155329e-01,8.715888291772136420e-02,-1.939272932050155329e-01
8.599999999999999645e+00,8.539501138071085851e-02,-1.952000055023270508e-01,8.539400318427915748e-02,-1.951977009190049572e-01,8.539495164769861368e-02,-1.951998619176005256e-01,8.539495164769861368e-02,-1.951998619176005256e-01
8.620000000000000995e+00,8.360518878724092218e-02,-1.964351822060585728e-01,8.360414547728886592e-02,-1.964327308898961844e-01,8.360512827201740937e-02,-1.964350314766517003e-01,8.360512827201740937e-02,-1.964350314766517003e-01
8.640000000000000568e+00,8.179028885831919615e-02,-1.976325456768151800e-01,8.178921356916979413e-02,-1.976299474208990381e-01,8.179022777865620208e-02,-1.976323879704166842e-01,8.179022777865620208e-02,-1.976323879704166842e-01
8.660000000000000142e+00,7.995113236830951597e-02,-1.987916986183709822e-01,7.995002823139071846e-02,-1.987889532760969136e-01,7.995107094042934459e-02,-1.987915341189019081e-01,7.995107094042934459e-02,-1.987915341189019081e-01
8.679999999999999716e+00,7.808854555210677229e-02,-1.999122604376545320e-01,7.808741569481053579e-02,-1.999093679225689424e-01,7.808848399012083275e-02,-1.999120893453352199e-01,7.808848399012083275e-02,-1.999120893453352199e-01
8.700000000000001066e+00,7.620335977956113616e-02,-2.009938673100459539e-01,7.620220732410690201e-02,-2.009908275956648338e-01,7.620329829490182783e-02,-2.009936898414391993e-01,7.620329829490182783e-02,-2.009936898414391993e-01
8.720000000000000639e+00,7.429641122930247255e-02,-2.020361722384793890e-01,7.429523929160654350e-02,-2.020329853580872526e-01,7.429635003014807559e-02,-2.020359886265084559e-01,7.429635003014807559e-02,-2.020359886265084559e-01
8.740000000000000213e+00,7.236854056207851771e-02,-2.030388451063520339e-01,7.236735225062829180e-02,-2.030355111527781808e-01,7.236847985277318485e-02,-2.030386556002930498e-01,7.236847985277318485e-02,-2.030386556002930498e-01
8.759999999999999787e+00,7.042059259372655811e-02,-2.040015727242378285e-01,7.041939100846152100e-02,-2.039980918496127615e-01,7.042053257419490786e-02,-2.040013775896862835e-01,7.042053257419490786e-02,-2.040013775896862835e-01
8.779999999999999361e+00,6.845341596789183969e-02,-2.049240588704117627e-01,6.845220419908948362e-02,-2.049204312859017885e-01,6.845335683304984431e-02,-2.049238583892221410e-01,6.845335683304984431e-02,-2.049238583892221410e-01
8.800000000000000711e+00,6.646786282860928097e-02,-2.058060243251881860e-01,6.646664395577937812e-02,-2.058022503007101989e-01,6.646780476777282287e-02,-2.058058187953862861e-01,6.646780476777282287e-02,-2.058058187953862861e-01
8.820000000000000284e+00,6.446478849286504942e-02,-2.066472068990816979e-01,6.446356558365030909e-02,-2.066432867629962311e-01,6.446473168915545227e-02,-2.066469966347492804e-01,6.446473168915545227e-02,-2.066469966347492804e-01
8.839999999999999858e+00,6.244505112325032109e-02,-2.074473614548005274e-01,6.244382723233386084e-02,-2.074432955935852918e-01,6.244499575300029026e-02,-2.074471467859319018e-01,6.244499575300029026e-02,-2.074471467859319018e-01
8.859999999999999432e+00,6.040951140082575360e-02,-2.082062599230831423e-01,6.040828956884784773e-02,-2.082020487809858045e-01,6.040945763298419258e-02,-2.082060411954120838e-01,6.040945763298419258e-02,-2.082060411954120838e-01
8.880000000000000782e+00,5.835903219830800709e-02,-2.089236913123925232e-01,5.835781545078991273e-02,-2.089193353910633044e-01,5.835898019384663099e-02,-2.089234688871910162e-01,5.835898019384663099e-02,-2.089234688871910162e-01
8.900000000000000355e+00,5.629447825369490038e-02,-2.095994617124845028e-01,5.629326959997182911e-02,-2.095949615705896274e-01,5.629442816501697283e-02,-2.095992359663310656e-01,5.629442816501697283e-02,-2.095992359663310656e-01
8.919999999999999929e+00,5.421671584443946840e-02,-2.102333942918682419e-01,5.421551827660239103e-02,-2.102287505446826243e-01,5.421666781479136249e-02,-2.102331656163861640e-01,5.421666781479136249e-02,-2.102331656163861640e-01
8.939999999999999503e+00,5.212661246228984802e-02,-2.108253292891781872e-01,5.212542895413693755e-02,-2.108205426081593004e-01,5.212656662517779066e-02,-2.108250980907436511e-01,5.212656662517779066e-02,-2.108250980907436511e-01
8.960000000000000853e+00,5.002503648890456456e-02,-2.113751239984812680e-01,5.002386999490190250e-02,-2.113701951108235000e-01,5.002499296751611313e-02,-2.113748906979005249e-01,5.002499296751611313e-02,-2.113748906979005249e-01
8.980000000000000426e+00,4.791285687235731505e-02,-2.118826527485422884e-01,4.791171032660985346e-02,-2.118775824367122584e-01,4.791281577899041827e-02,-2.118824177806971076e-01,4.791281577899041827e-02,-2.118824177806971076e-01
9.000000000000000000e+00,4.579094280463961303e-02,-2.123478068760752124e-01,4.578981911987280856e-02,-2.123425959773281857e-01,4.579090424013921440e-02,-2.123475706895377180e-01,4.579090424013921440e-02,-2.123475706895377180e-01
9.019999999999999574e+00,4.366016340027579351e-02,-2.127704946930079610e-01,4.365906546682736533e-02,-2.127651440988855835e-01,4.366012745347965657e-02,-2.127702577496229930e-01,4.366012745347965657e-02,-2.127702577496229930e-01
9.040000000000000924e+00,4.152138737615720249e-02,-2.131506414477916389e-01,4.152031806098084588e-02,-2.131451521036014374e-01,4.152135412335253989e-02,-2.131504042222277795e-01,4.152135412335253989e-02,-2.131504042222277795e-01
9.060000000000000497e+00,3.937548273270734950e-02,-2.134881892807863335e-01,3.937444487838703128e-02,-2.134825621850630351e-01,3.937545223709849884e-02,-2.134879522600542645e-01,3.937545223709849884e-02,-2.134879522600542645e-01
9.080000000000000071e+00,3.722331643648321697e-02,-2.137830971737590957e-01,3.722231286025979441e-02,-2.137773333777077955e-01,3.722328874767329154e-02,-2.137828608566979260e-01,3.722328874767329154e-02,-2.137828608566979260e-01
9.099999999999999645e+00,3.506575410432440781e-02,-2.140353408935287693e-01,3.506478759713429344e-02,-2.140294415004506956e-01,3.506572925781107491e-02,-2.140351057902604437e-01,3.506572925781107491e-02,-2.140351057902604437e-01
9.120000000000000995e+00,3.290365968915386075e-02,-2.142449129297981092e-01,3.290273301467944861e-02,-2.142388790944988464e-01,3.290363770584066316e-02,-2.142446795611481214e-01,3.290363770584066316e-02,-2.142446795611481214e-01
9.140000000000000568e+00,3.073789516753848081e-02,-2.144118224272118234e-01,3.073701106127247826e-02,-2.144056553553926325e-01,3.073787605326326958e-02,-2.144115913240987326e-01,3.073787605326326958e-02,-2.144115913240987326e-01
9.160000000000000142e+00,2.856932022911163813e-02,-2.145360951116844772e-01,2.856848139743312781e-02,-2.145297960593162412e-01,2.856930397419370909e-02,-2.145358668144759784e-01,2.856930397419370909e-02,-2.145358668144759784e-01
9.179999999999999716e+00,2.639879196796555624e-02,-2.146177732110411129e-01,2.639800108723033487e-02,-2.146113434837226830e-01,2.639877854677308983e-02,-2.146175482688782998e-01,2.639877854677308983e-02,-2.146175482688782998e-01
9.200000000000001066e+00,2.422716457611368696e-02,-2.146569153700177979e-01,2.422642429175754508e-02,-2.146503563223168820e-01,2.422715394665192479e-02,-2.146566943401065630e-01,2.422715394665192479e-02,-2.146566943401065630e-01
9.220000000000000639e+00,2.205528903912750208e-02,-2.146535965596692574e-01,2.205460196478436358e-02,-2.146469095944478489e-01,2.205528114265027650e-02,-2.146533800065394404e-01,2.205528114265027650e-02,-2.146533800065394404e-01
9.240000000000000213e+00,1.988401283404577988e-02,-2.146079079812336921e-01,1.988338155067856383e-02,-2.146010945489583155e-01,1.988400759469111795e-02,-2.146076964759669192e-01,1.988400759469111795e-02,-2.146076964759669192e-01
9.259999999999999787e+00,1.771417962966020249e-02,-2.145199569645071525e-01,1.771360668470760638e-02,-2.145130185625427066e-01,1.771417695411172527e-02,-2.145197510839316757e-01,1.771417695411172527e-02,-2.145197510839316757e-01
9.279999999999999361e+00,1.554662898927341302e-02,-2.143898668607792657e-01,1.554611689581062578e-02,-2.143828050326684331e-01,1.554662876644908459e-02,-2.143896671866341308e-01,1.554662876644908459e-02,-2.143896671866341308e-01
9.300000000000000711e+00,1.338219607602813936e-02,-2.142177769303874602e-01,1.338174731194276962e-02,-2.142105932651149069e-01,1.338219817679779308e-02,-2.142175840484547567e-01,1.338219817679779308e-02,-2.142175840484547567e-01
9.320000000000000284e+00,1.122171136090506852e-02,-2.140038422249451455e-01,1.122132836808817889e-02,-2.139965383561879542e-01,1.122171563783845756e-02,-2.140036567241520860e-01,1.122171563783845756e-02,-2.140036567241520860e-01
9.339999999999999858e+00,9.066000333481949794e-03,-2.137482334643033832e-01,9.065685517034806004e-03,-2.137408110696662478e-01,9.066006620628282858e-03,-2.137480559357930465e-01,9.066006620628282858e-03,-2.137480559357930465e-01
9.359999999999999432e+00,6.915883215551911663e-03,-2.134511369083061660e-01,6.915638943008611296e-03,-2.134435977085438196e-01,6.915891328253151622e-03,-2.134509679444787367e-01,6.915891328253151622e-03,-2.134509679444787367e-01
9.380000000000000782e+00,4.772174677690861448e-03,-2.131127542234012018e-01,4.772003278256136370e-03,-2.131050999816266611e-01,4.772184412429815621e-03,-2.131125944169256770e-01,4.772184412429815621e-03,-2.131125944169256770e-01
9.400000000000000355e+00,2.635683558867847175e-03,-2.127333023441708437e-01,2.635587322672371460e-03,-2.127255348650507194e-01,2.635694693152370628e-03,-2.127331522869675973e-01,2.635694693152370628e-03,-2.127331522869675973e-01
9.419999999999999929e+00,5.072125891856170106e-04,-2.123130133298469224e-01,5.071937665568278545e-04,-2.123051344587839617e-01,5.072248814717646333e-04,-2.123128736120414584e-01,5.072248814717646333e-04,-2.123128736120414584e-01
9.439999999999999503e+00,-1.612441884155905005e-03,-2.118521342158778131e-01,-1.612381083406470069e-03,-2.118441458381807307e-01,-1.612428694501782207e-03,-2.118520054247279294e-01,-1.612428694501782207e-03,-2.118520054247279294e-01
9.460000000000000853e+00,-3.722490167588707408e-03,-2.113509268606158231e-01,-3.722347574860474309e-03,-2.113428309006573358e-01,-3.722476360286238514e-03,-2.113508095794111030e-01,-3.722476360286238514e-03,-2.113508095794111030e-01
9.480000000000000426e+00,-5.822149488509969877e-03,-2.108096677871952873e-01,-5.821922977091699425e-03,-2.108014662075577139e-01,-5.822135362318756578e-03,-2.108095625941303619e-01,-5.822135362318756578e-03,-2.108095625941303619e-01
9.500000000000000000e+00,-7.910644259137821974e-03,-2.102286480206714270e-01,-7.910331744869020243e-03,-2.102203428212821856e-01,-7.910630131766422518e-03,-2.102285554876940910e-01,-7.910630131766422518e-03,-2.102285554876940910e-01
9.519999999999999574e+00,-9.987206336802622458e-03,-2.096081729204956612e-01,-9.986805778717045348e-03,-2.095997661377496935e-01,-9.987192544772222763e-03,-2.096080936121300087e-01,-9.987192544772222763e-03,-2.096080936121300087e-01
9.540000000000000924e+00,-1.205107528059499999e-02,-2.089485620083995077e-01,-1.205058468154673705e-02,-2.089400557142727655e-01,-1.205106217905516260e-02,-2.089484964805463918e-01,-1.205106217905516260e-02,-2.089484964805463918e-01
9.560000000000000497e+00,-1.410149860428822934e-02,-2.082501487917643446e-01,-1.410091601156025255e-02,-2.082415450929160083e-01,-1.410148656678357308e-02,-2.082500975904786333e-01,-1.410148656678357308e-02,-2.082500975904786333e-01
9.580000000000000071e+00,-1.613773202545917829e-02,-2.075132805825538607e-01,-1.613705553135345167e-02,-2.075045816194188986e-01,-1.613772144364583605e-02,-2.075132442428005708e-01,-1.613772144364583605e-02,-2.075132442428005708e-01
9.599999999999999645e+00,-1.815903971072704848e-02,-2.067383183118882417e-01,-1.815826745313693993e-02,-2.067295262577602266e-01,-1.815903099403647428e-02,-2.067382973562777171e-01,-1.815903099403647428e-02,-2.067382973562777171e-01
9.620000000000000995e+00,-2.016469451703731264e-02,-2.059256363403395018e-01,-2.016382468000177050e-02,-2.059167534004437694e-01,-2.016468809228667836e-02,-2.059256312778443010e-01,-2.016468809228667836e-02,-2.059256312778443010e-01
9.640000000000000568e+00,-2.215397822891479809e-02,-2.050756222640306159e-01,-2.215300904315355840e-02,-2.050666506745897344e-01,-2.215397453986186690e-02,-2.050756335886834703e-01,-2.215397453986186690e-02,-2.050756335886834703e-01
9.660000000000000142e+00,-2.412618179161639745e-02,-2.041886767166190830e-01,-2.412511153504803482e-02,-2.041796187439082477e-01,-2.412618129845795281e-02,-2.041887049061947290e-01,-2.412618129845795281e-02,-2.041887049061947290e-01
9.679999999999999716e+00,-2.608060554010931467e-02,-2.032652131672508522e-01,-2.607943253834906286e-02,-2.032560711066465908e-01,-2.608060871892089322e-02,-2.032652586819323759e-01,-2.608060871892089322e-02,-2.032652586819323759e-01
9.700000000000001066e+00,-2.801655942380867903e-02,-2.023056577145680157e-01,-2.801528205064855379e-02,-2.022964338895880954e-01,-2.801656676592496897e-02,-2.023057209955992364e-01,-2.801656676592496897e-02,-2.023057209955992364e-01
9.720000000000000639e+00,-2.993336322700522467e-02,-2.013104488768580058e-01,-2.993197990487492591e-02,-2.013011456381944841e-01,-2.993337523833906888e-02,-2.013105303451835082e-01,-2.993337523833906888e-02,-2.013105303451835082e-01
9.740000000000000213e+00,-3.183034678492022845e-02,-2.002800373784299759e-01,-3.182885598532927268e-02,-2.002706571029753413e-01,-3.183036398521852522e-02,-2.002801374333238182e-01,-3.183036398521852522e-02,-2.002801374333238182e-01
9.759999999999999787e+00,-3.370685019532040222e-02,-1.992148859323082111e-01,-3.370525043928114528e-02,-1.992054310221746116e-01,-3.370687311735685171e-02,-1.992150049499936404e-01,-3.370687311735685171e-02,-1.992150049499936404e-01
9.779999999999999361e+00,-3.556222402563343626e-02,-1.981154690193317192e-01,-3.556051388406485797e-02,-1.981059419008644185e-01,-3.556225321433430925e-02,-1.981156073515928928e-01,-3.556225321433430925e-02,-1.981156073515928928e-01
9.800000000000000711e+00,-3.739582951550290274e-02,-1.969822726637503463e-01,-3.739400760961598957e-02,-1.969726757865345734e-01,-3.739586552700743111e-02,-1.969824306365384470e-01,-3.739586552700743111e-02,-1.969824306365384470e-01
9.820000000000000284e+00,-3.920703877472328513e-02,-1.958157942054092882e-01,-3.920510377638582872e-02,-1.958061300412729244e-01,-3.920708217537441365e-02,-1.958159721174440315e-01,-3.920708217537441365e-02,-1.958159721174440315e-01
9.839999999999999858e+00,-4.099523497650097575e-02,-1.946165420686142011e-01,-4.099318560858435795e-02,-1.946068131106240551e-01,-4.099528634176766856e-02,-1.946167401899826788e-01,-4.099528634176766856e-02,-1.946167401899826788e-01
9.859999999999999432e+00,-4.275981254598297532e-02,-1.933850355277708377e-01,-4.275764758268883053e-02,-1.933752442892252565e-01,-4.275987245931044817e-02,-1.933852540985264712e-01,-4.275987245931044817e-02,-1.933852540985264712e-01
9.880000000000000782e+00,-4.450017734400303626e-02,-1.921218044698933536e-01,-4.449789561117107467e-02,-1.921119534833100884e-01,-4.450024639559194833e-02,-1.921220436986555424e-01,-4.450024639559194833e-02,-1.921220436986555424e-01
9.900000000000000355e+00,-4.621574684599205618e-02,-1.908273891540768485e-01,-4.621334722138802781e-02,-1.908174809701772834e-01,-4.621582563150361533e-02,-1.908276492166346983e-01,-4.621582563150361533e-02,-1.908276492166346983e-01
9.919999999999999929e+00,-4.790595031600602960e-02,-1.895023399680291487e-01,-4.790343172959097423e-02,-1.894923771547188940e-01,-4.790603943519205349e-02,-1.895026210059502225e-01,-4.790603943519205349e-02,-1.895026210059502225e-01
9.939999999999999503e+00,-4.957022897582094578e-02,-1.881472171817602790e-01,-4.956759041000022986e-02,-1.881372023231067114e-01,-4.957032903107939231e-02,-1.881475193010070934e-01,-4.957032903107939231e-02,-1.881475193010070934e-01
9.960000000000000853e+00,-5.120803616905163919e-02,-1.867625906985260487e-01,-5.120527665890504954e-02,-1.867525263937331315e-01,-5.120814776390394257e-02,-1.867629139680822559e-01,-5.120814776390394257e-02,-1.867629139680822559e-01
9.980000000000000426e+00,-5.281883752024909423e-02,-1.853490398031248099e-01,-5.281595615374142655e-02,-1.853389286655057200e-01,-5.281896125774053485e-02,-1.853493842536335645e-01,-5.281896125774053485e-02,-1.853493842536335645e-01
1.000000000000000000e+01,-5.440211108893697883e-02,-1.839071529076452549e-01,-5.439910700710928054e-02,-1.838969975635930953e-01,-5.440224756995735295e-02,-1.839075185300615978e-01,-5.440224756995735295e-02,-1.839075185300615978e-01
