t,exact_real,exact_imag,sdp_real,sdp_imag,sdp_optimized_real,sdp_optimized_imag,positive_real,positive_imag
0.000000000000000000e+00,1.000000000000000000e+00,0.000000000000000000e+00,1.000013068852976250e+00,6.938893903907228378e-18,1.000002999389496328e+00,-1.387778780781445676e-17,1.000002999389496328e+00,-1.387778780781445676e-17
2.000000000000000042e-02,9.999500008333266354e-01,-8.488037280457803174e-03,9.999627658739866920e-01,-8.488145616918364375e-03,9.999528335030987147e-01,-8.488067888359745322e-03,9.999528335030987147e-01,-8.488067888359745322e-03
4.000000000000000083e-02,9.998000133328889261e-01,-1.697471651633944076e-02,9.998124739160293428e-01,-1.697492765557826952e-02,9.998026850655377107e-01,-1.697477444625537443e-02,9.998026850655377107e-01,-1.697477444625537443e-02
5.999999999999999778e-02,9.995500674949377995e-01,-2.545867997346916087e-02,9.995622230672465136e-01,-2.545898838245677989e-02,9.995525839484472597e-01,-2.545876211309675008e-02,9.995525839484472597e-01,-2.545876211309675008e-02
8.000000000000000167e-02,9.992002133048910606e-01,-3.393857053838901516e-02,9.992120634047920724e-01,-3.393897068626893637e-02,9.992025800129872293e-01,-3.393867394304028728e-02,9.992025800129872293e-01,-3.393867394304028728e-02
1.000000000000000056e-01,9.987505207248399408e-01,-4.241303202851106485e-02,9.987620649823125696e-01,-4.241351838811503738e-02,9.987527430974407761e-01,-4.241315391526361694e-02,9.987527430974407761e-01,-4.241315391526361694e-02
1.199999999999999956e-01,9.982010796760583116e-01,-5.088070950202115694e-02,9.982123178124332474e-01,-5.088127655137946598e-02,9.982031629998152633e-01,-5.088084724399152825e-02,9.982031629998152633e-01,-5.088084724399152825e-02
1.400000000000000133e-01,9.975520000165265522e-01,-5.934024956745178464e-02,9.975629318442568172e-01,-5.934089179129825586e-02,9.975539494554526154e-01,-5.934040068819118607e-02,9.975539494554526154e-01,-5.934040068819118607e-02
1.600000000000000033e-01,9.968034115134712936e-01,-6.779030069284198989e-02,9.968140369358781117e-01,-6.779101258411286690e-02,9.968052321096512181e-01,-6.779046286085309292e-02,9.968052321096512181e-01,-6.779046286085309292e-02
1.799999999999999933e-01,9.959554638109316960e-01,-7.622951351440084011e-02,9.959657828219279363e-01,-7.623028957572790254e-02,9.959571604853122428e-01,-7.622968453777628772e-02,9.959571604853122428e-01,-7.622968453777628772e-02
2.000000000000000111e-01,9.950083263923603649e-01,-8.465654114459369994e-02,9.950183390761483393e-01,-8.465737588979024841e-02,9.950099039456147265e-01,-8.465671896577456335e-02,9.950099039456147265e-01,-8.465671896577456335e-02
2.200000000000000011e-01,9.939621885382665667e-01,-9.307003947956721257e-02,9.939718950690142885e-01,-9.307092743510779476e-02,9.939636516517338372e-01,-9.307022217022228872e-02,9.939636516517338372e-01,-9.307022217022228872e-02
2.399999999999999911e-01,9.928172592789227258e-01,-1.014686675058335541e-01,9.928266599204119691e-01,-1.014696032123257180e-01,9.928186125156126529e-01,-1.014688532618572836e-01,9.928186125156126529e-01,-1.014688532618572836e-01
2.600000000000000089e-01,9.915737673421346488e-01,-1.098510876061296743e-01,9.915828624473898012e-01,-1.098520656197785744e-01,9.915750151477986662e-01,-1.098512747427594360e-01,9.915750151477986662e-01,-1.098512747427594360e-01
2.800000000000000266e-01,9.902319610960982343e-01,-1.182159658643725381e-01,9.902407511069896140e-01,-1.182169807584368820e-01,9.902331078003645537e-01,-1.182161528114232668e-01,9.902331078003645537e-01,-1.182161528114232668e-01
2.999999999999999889e-01,9.887921084873600996e-01,-1.265619723696271015e-01,9.888005939341827366e-01,-1.265630187358669501e-01,9.887931583049250905e-01,-1.265621576668432557e-01,9.887931583049250905e-01,-1.265621576668432557e-01
3.200000000000000067e-01,9.872544969738925591e-01,-1.348877815190070439e-01,9.872626784749236606e-01,-1.348888539691230071e-01,9.872554540057676409e-01,-1.348879638115311752e-01,9.872554540057676409e-01,-1.348879638115311752e-01
3.400000000000000244e-01,9.856194334533068258e-01,-1.431920723194286815e-01,9.856273117143390383e-01,-1.431931654864911918e-01,9.856203016881199819e-01,-1.431922503533845370e-01,9.856203016881199819e-01,-1.431922503533845370e-01
3.599999999999999867e-01,9.838872441862244189e-01,-1.514735286881351839e-01,9.838948200000754429e-01,-1.514746372280048881e-01,9.838880275015677856e-01,-1.514737013063258697e-01,9.838880275015677856e-01,-1.514737013063258697e-01
3.800000000000000044e-01,9.820582747148246527e-01,-1.597308397519139334e-01,9.820655489608250965e-01,-1.597319583446518143e-01,9.820589768786504026e-01,-1.597310058896329876e-01,9.820589768786504026e-01,-1.597310058896329876e-01
4.000000000000000222e-01,9.801328897765938519e-01,-1.679627001449259249e-01,9.801398634200526594e-01,-1.679638234961930709e-01,9.801335144486544859e-01,-1.679628588258809951e-01,9.801335144486544859e-01,-1.679628588258809951e-01
4.199999999999999845e-01,9.781114732133026068e-01,-1.761678103050685895e-01,9.781181473049485042e-01,-1.761689331475153331e-01,9.781120239466278843e-01,-1.761679606374157436e-01,9.781120239466278843e-01,-1.761679606374157436e-01
4.400000000000000022e-01,9.759944278752306079e-01,-1.843448767687932699e-01,9.760008035506309021e-01,-1.843459938634371131e-01,9.759949081176451102e-01,-1.843450179412817747e-01,9.759949081176451102e-01,-1.843450179412817747e-01
4.600000000000000200e-01,9.737821755206691465e-01,-1.924926124642988845e-01,9.737882539996294273e-01,-1.924937186018913782e-01,9.737825886163435918e-01,-1.924927437425245358e-01,9.737825886163435918e-01,-1.924927437425245358e-01
4.799999999999999822e-01,9.714751567107311470e-01,-2.006097370030248406e-01,9.714809392966698987e-01,-2.006108270054059173e-01,9.714755059017663452e-01,-2.006098577257906801e-01,9.714755059017663452e-01,-2.006098577257906801e-01
5.000000000000000000e-01,9.690738306994954865e-01,-2.086949769693642875e-01,9.690793187787971608e-01,-2.086960456908056039e-01,9.690741191275344946e-01,-2.086950865451481785e-01,9.690741191275344946e-01,-2.086950865451481785e-01
5.200000000000000178e-01,9.665786753195158010e-01,-2.167470662085232425e-01,9.665838703608650162e-01,-2.167481085370580041e-01,9.665789060273849431e-01,-2.167471641120497505e-01,9.665789060273849431e-01,-2.167471641120497505e-01
5.400000000000000355e-01,9.639901868627298587e-01,-2.247647461124470947e-01,9.639950904164202861e-01,-2.247657569711874470e-01,9.639903627961011745e-01,-2.247648318813633972e-01,9.639903627961011745e-01,-2.247648318813633972e-01
5.600000000000000533e-01,9.613088799567957032e-01,-2.327467659037404935e-01,9.613134936540218556e-01,-2.327477402521815897e-01,9.613090039658748198e-01,-2.327468391353943733e-01,9.613090039658748198e-01,-2.327468391353943733e-01
5.799999999999999600e-01,9.585352874368983089e-01,-2.406918829175042629e-01,9.585396129890226824e-01,-2.406928157528150924e-01,9.585353622781291882e-01,-2.406919432658232161e-01,9.585353622781291882e-01,-2.406919432658232161e-01
5.999999999999999778e-01,9.556699602130523941e-01,-2.485988628810162915e-01,9.556739994108562897e-01,-2.485997492393163810e-01,9.556699885508413983e-01,-2.485989100534857776e-01,9.556699885508413983e-01,-2.485989100534857776e-01
6.199999999999999956e-01,9.527134671329510196e-01,-2.564664801911813452e-01,9.527172218458589414e-01,-2.564673151488031100e-01,9.527134515414025229e-01,-2.564665139459207377e-01,9.527134515414025229e-01,-2.564665139459207377e-01
6.400000000000000133e-01,9.496663948403807343e-01,-2.642935181896767238e-01,9.496698670156712430e-01,-2.642942968644134694e-01,9.496663378050497206e-01,-2.642935383326125987e-01,9.496663378050497206e-01,-2.642935383326125987e-01
6.600000000000000311e-01,9.465293476292627739e-01,-2.720787694357219011e-01,9.465325392912543601e-01,-2.720794869880613365e-01,9.465292515489156511e-01,-2.720787758178556670e-01,9.465292515489156511e-01,-2.720787758178556670e-01
6.800000000000000488e-01,9.433029472933454063e-01,-2.798210359764005672e-01,9.433058605425652665e-01,-2.798216876107421647e-01,9.433028144817291460e-01,-2.798210284911693546e-01,9.433028144817291460e-01,-2.798210284911693546e-01
7.000000000000000666e-01,9.399878329715970482e-01,-2.875191296144618547e-01,9.399904699839300992e-01,-2.875197105803197206e-01,9.399876656592160984e-01,-2.875191081951919969e-01,9.399876656592160984e-01,-2.875191081951919969e-01
7.199999999999999734e-01,9.365846609893413444e-01,-2.951718721735333006e-01,9.365870240151593640e-01,-2.951723777667223381e-01,9.365844613252395368e-01,-2.951718367909832996e-01,9.365844613252395368e-01,-2.951718367909832996e-01
7.399999999999999911e-01,9.330941046951790607e-01,-3.027780957606735490e-01,9.330961960584513992e-01,-3.027785213244801321e-01,9.330938747487216300e-01,-3.027780464206663580e-01,9.330938747487216300e-01,-3.027780464206663580e-01
7.600000000000000089e-01,9.295168542937407574e-01,-3.103366430261966791e-01,9.295186763911267303e-01,-3.103369839525326745e-01,9.295165960564002461e-01,-3.103365797673394155e-01,9.295165960564002461e-01,-3.103365797673394155e-01
7.800000000000000266e-01,9.258536166743185358e-01,-3.178463674207011591e-01,9.258551719742419417e-01,-3.178466191512411276e-01,9.258533320614590334e-01,-3.178462903121892502e-01,9.258533320614590334e-01,-3.178462903121892502e-01
8.000000000000000444e-01,9.221051152354249325e-01,-3.253061334492347023e-01,9.221064062771288095e-01,-3.253062914765356139e-01,9.221048060880823183e-01,-3.253060425887405183e-01,9.221048060880823183e-01,-3.253060425887405183e-01
8.200000000000000622e-01,9.182720897053253672e-01,-3.327148169225274676e-01,9.182731190979112057e-01,-3.327148767911327631e-01,9.182717577919853325e-01,-3.327147124341719997e-01,9.182717577919853325e-01,-3.327147124341719997e-01
8.399999999999999689e-01,9.143552959585965478e-01,-3.400713052052334873e-01,9.143560663800452959e-01,-3.400712625127566557e-01,9.143549429769658454e-01,-3.400711872376368516e-01,9.143549429769658454e-01,-3.400711872376368516e-01
8.599999999999999867e-01,9.103555058287605695e-01,-3.473744974611071012e-01,9.103560200249360967e-01,-3.473743478593002698e-01,9.103551334075318247e-01,-3.473743661855194231e-01,9.103551334075318247e-01,-3.473743661855194231e-01
8.800000000000000044e-01,9.062735069170487767e-01,-3.546233048950582778e-01,9.062737677006849069e-01,-3.546230440908610393e-01,9.062731166176553055e-01,-3.546231605035676249e-01,9.062731166176553055e-01,-3.546231605035676249e-01
9.000000000000000222e-01,9.021101023973459032e-01,-3.618166509920199281e-01,9.021101126470177922e-01,-3.618162747485900166e-01,9.021096957157076490e-01,-3.618164936958352951e-01,9.021096957157076490e-01,-3.618164936958352951e-01
9.200000000000000400e-01,8.978661108173700001e-01,-3.689534717525658203e-01,8.978658734764479732e-01,-3.689529758902909684e-01,8.978656891856267031e-01,-3.689533017803743875e-01,8.978656891856267031e-01,-3.689533017803743875e-01
9.400000000000000577e-01,8.935423658961442195e-01,-3.760327159252182527e-01,8.935418839717330641e-01,-3.760320963227094526e-01,8.935419306843777054e-01,-3.760325335216149756e-01,8.935419306843777054e-01,-3.760325335216149756e-01
9.599999999999999645e-01,8.891397163178154095e-01,-3.830533452353855339e-01,8.891389928796782360e-01,-3.830525978304510359e-01,8.891392688357571128e-01,-3.830531506593732316e-01,8.891392688357571128e-01,-3.830531506593732316e-01
9.799999999999999822e-01,8.846590255218800269e-01,-3.900143346108700948e-01,8.846580637013451431e-01,-3.900134554014694221e-01,8.846585670206013052e-01,-3.900141281344282618e-01,8.846585670206013052e-01,-3.900141281344282618e-01
1.000000000000000000e+00,8.801011714898671068e-01,-3.969146724038888352e-01,8.800999744787244561e-01,-3.969136574490674252e-01,8.801007031634573430e-01,-3.969144543106095102e-01,8.801007031634573430e-01,-3.969144543106095102e-01
1.020000000000000018e+00,8.754670465285518954e-01,-4.037533606095475847e-01,8.754656175779290672e-01,-4.037522060303519456e-01,8.754665695157759497e-01,-4.037531311933377776e-01,8.754665695157759497e-01,-4.037531311933377776e-01
1.040000000000000036e+00,8.707575570497447792e-01,-4.105294150807173303e-01,8.707558994689745813e-01,-4.105281170610891595e-01,8.707570724356830105e-01,-4.105291746445636214e-01,8.707570724356830105e-01,-4.105291746445636214e-01
1.060000000000000053e+00,8.659736233467283384e-01,-4.172418657392508723e-01,8.659717405021984948e-01,-4.172404205269015232e-01,8.659731321643980850e-01,-4.172416145940480159e-01,8.659731321643980850e-01,-4.172416145940480159e-01
1.080000000000000071e+00,8.611161793673971498e-01,-4.238897567834927216e-01,8.611140746813904512e-01,-4.238881606907567434e-01,8.611156825993531161e-01,-4.238894952469312583e-01,8.611156825993531161e-01,-4.238894952469312583e-01
1.100000000000000089e+00,8.561861724841689503e-01,-4.304721468920238991e-01,8.561838494336868610e-01,-4.304703962966918707e-01,8.561856710640834978e-01,-4.304718752875375531e-01,8.561856710640834978e-01,-4.304718752875375531e-01
1.120000000000000107e+00,8.511845632607265566e-01,-4.369881094235928409e-01,8.511820253763023869e-01,-4.369862007697228323e-01,8.511840580749465701e-01,-4.369878280793627612e-01,8.511840580749465701e-01,-4.369878280793627612e-01
1.140000000000000124e+00,8.461123252156568242e-01,-4.434367326131802289e-01,8.461095760801566890e-01,-4.434346624118888358e-01,8.461118171047399272e-01,-4.434364418611948522e-01,8.461118171047399272e-01,-4.434364418611948522e-01
1.159999999999999920e+00,8.409704445830525898e-01,-4.498171197641485652e-01,8.409674878304637113e-01,-4.498148845943799601e-01,8.409699343432781582e-01,-4.498168199393178801e-01,8.409699343432781582e-01,-4.498168199393178801e-01
1.179999999999999938e+00,8.357599200701444353e-01,-4.561283894364294711e-01,8.357567593843514553e-01,-4.561259859457025834e-01,8.357594084550019620e-01,-4.561280808757504079e-01,8.357594084550019620e-01,-4.561280808757504079e-01
1.199999999999999956e+00,8.304817626120259977e-01,-4.623696756306963640e-01,8.304784017255781858e-01,-4.623671005358314101e-01,8.304812503336780338e-01,-4.623693586724703097e-01,8.304812503336780338e-01,-4.623693586724703097e-01
1.219999999999999973e+00,8.251369951235451028e-01,-4.685401279684837106e-01,8.251334378164110195e-01,-4.685373780563054091e-01,8.251364828542661067e-01,-4.685398029515822627e-01,8.251364828542661067e-01,-4.685398029515822627e-01
1.239999999999999991e+00,8.197266522484270013e-01,-4.746389118682006192e-01,8.197229023467399456e-01,-4.746359839962208671e-01,8.197261406220145430e-01,-4.746385791313793567e-01,8.197261406220145430e-01,-4.746385791313793567e-01
1.260000000000000009e+00,8.142517801056982085e-01,-4.806652087170006915e-01,8.142478414804912301e-01,-4.806620998140775369e-01,8.142512697188607484e-01,-4.806648685982584657e-01,8.142512697188607484e-01,-4.806648685982584657e-01
1.280000000000000027e+00,8.087134360334844452e-01,-4.866182160384612265e-01,8.087093125994146980e-01,-4.866149231054361368e-01,8.087129274471990259e-01,-4.866178688744439707e-01,8.087129274471990259e-01,-4.866178688744439707e-01
1.300000000000000044e+00,8.031126883302467379e-01,-4.924971476560311423e-01,8.031083840443148381e-01,-4.924936677663445117e-01,8.031121820710939163e-01,-4.924967937814794250e-01,8.031121820710939163e-01,-4.924967937814794250e-01
1.320000000000000062e+00,7.974506159935383920e-01,-4.983012338522118112e-01,7.974461348537927874e-01,-4.982975641524938215e-01,7.974501125550057523e-01,-4.983008735994475247e-01,7.974501125550057523e-01,-4.983008735994475247e-01
1.340000000000000080e+00,7.917283084563403461e-01,-5.040297215234234018e-01,7.917236545005793547e-01,-5.040258592340641774e-01,7.917278083001016986e-01,-5.040293552218793049e-01,7.917278083001016986e-01,-5.040293552218793049e-01
1.360000000000000098e+00,7.859468653210620603e-01,-5.096818743305269184e-01,7.859420426255233627e-01,-5.096778167462227005e-01,7.859463688782259982e-01,-5.096815023063123729e-01,7.859463688782259982e-01,-5.096815023063123729e-01
1.380000000000000115e+00,7.801073960912691119e-01,-5.152569728449613029e-01,7.801024087693153586e-01,-5.152527173352375867e-01,7.801069037636013670e-01,-5.152565954204652021e-01,7.801069037636013670e-01,-5.152565954204652021e-01
1.400000000000000133e+00,7.742110199012207650e-01,-5.207543146904599629e-01,7.742058721020144141e-01,-5.207498587001719859e-01,7.742105320623370313e-01,-5.207539321839899094e-01,7.742105320623370313e-01,-5.207539321839899094e-01
1.419999999999999929e+00,7.682588652432846832e-01,-5.261732146803156374e-01,7.682535611504597295e-01,-5.261685557301254423e-01,7.682583822398159068e-01,-5.261728274057707599e-01,7.682583822398159068e-01,-5.261728274057707599e-01
1.439999999999999947e+00,7.622520696933096085e-01,-5.315130049501580745e-01,7.622466135236348750e-01,-5.315081406369881467e-01,7.622515918460385231e-01,-5.315126132167341533e-01,7.622515918460385231e-01,-5.315126132167341533e-01
1.459999999999999964e+00,7.561917796340283937e-01,-5.367730350862138788e-01,7.561861756360646059e-01,-5.367679630836773574e-01,7.561913072389960799e-01,-5.367726391981400003e-01,7.561913072389960799e-01,-5.367726391981400003e-01
1.479999999999999982e+00,7.500791499765654402e-01,-5.419526722490187742e-01,7.500734024293189695e-01,-5.419473903078269039e-01,7.500786833061515724e-01,-5.419522725053241841e-01,7.500786833061515724e-01,-5.419522725053241841e-01
1.500000000000000000e+00,7.439153438801329177e-01,-5.470513012925541929e-01,7.439094570917010874e-01,-5.470458072408987960e-01,7.439148831841037035e-01,-5.470508979868624611e-01,7.439148831841037035e-01,-5.470508979868624611e-01
1.520000000000000018e+00,7.377015324699803811e-01,-5.520683248787774389e-01,7.376955107761958841e-01,-5.520626166226912934e-01,7.377010779765120763e-01,-5.520679182991298228e-01,7.377010779765120763e-01,-5.520679182991298228e-01
1.540000000000000036e+00,7.314388945536884901e-01,-5.570031635875236642e-01,7.314327423167567011e-01,-5.569972391112164578e-01,7.314384464703588273e-01,-5.570027540162262314e-01,7.314384464703588273e-01,-5.570027540162262314e-01
1.560000000000000053e+00,7.251286163358741099e-01,-5.618552560217505709e-01,7.251223379430077332e-01,-5.618491133879212063e-01,7.251281748506267499e-01,-5.618548437352480773e-01,7.251281748506267499e-01,-5.618548437352480773e-01
1.580000000000000071e+00,7.187718911313906167e-01,-5.666240589081057433e-01,7.187654909934406700e-01,-5.666176962582313292e-01,7.187714564134705109e-01,-5.666236441768769394e-01,7.187714564134705109e-01,-5.666236441768769394e-01
1.600000000000000089e+00,7.123699190771003442e-01,-5.713090471927919634e-01,7.123634016271843672e-01,-5.713024627473920480e-01,7.123694912779610089e-01,-5.713086302812682149e-01,7.123694912779610089e-01,-5.713086302812682149e-01
1.620000000000000107e+00,7.059239068422975549e-01,-5.759097141327096381e-01,7.059172765344248202e-01,-5.759029061915879044e-01,7.059234860964797020e-01,-5.759092952992147518e-01,7.059234860964797020e-01,-5.759092952992147518e-01
1.640000000000000124e+00,6.994350673378614269e-01,-5.804255713818587958e-01,6.994283286455561521e-01,-5.804185383243205543e-01,6.994346537638445049e-01,-5.804251508785679414e-01,6.994346537638445049e-01,-5.804251508785679414e-01
1.660000000000000142e+00,6.929046194242194368e-01,-5.848561490729813350e-01,6.928977768391422210e-01,-5.848488893580262582e-01,6.929042131252441949e-01,-5.848557271458990625e-01,6.929042131252441949e-01,-5.848557271458990625e-01
1.679999999999999938e+00,6.863337876181992980e-01,-5.892009958944246506e-01,6.863268456487675584e-01,-5.891935080609171926e-01,6.863333886830640385e-01,-5.892005727833804496e-01,6.863333886830640385e-01,-5.892005727833804496e-01
1.699999999999999956e+00,6.797238017988509462e-01,-5.934596791622154255e-01,6.797167649688570235e-01,-5.934519618290302612e-01,6.797234103026785768e-01,-5.934592551008751604e-01,6.797234103026785768e-01,-5.934592551008751604e-01
1.719999999999999973e+00,6.730758969123158408e-01,-5.976317848873248240e-01,6.730687697595465480e-01,-5.976238367534690843e-01,6.730755129172962814e-01,-5.976313601032189338e-01,6.730755129172962814e-01,-5.976313601032189338e-01
1.739999999999999991e+00,6.663913126758291838e-01,-6.017169178381163164e-01,6.663840997506844666e-01,-6.017087376828276213e-01,6.663909362319335727e-01,-6.017164925526805597e-01,6.663909362319335727e-01,-6.017164925526805597e-01
1.760000000000000009e+00,6.596712932809308816e-01,-6.057147015979619242e-01,6.596639991450412577e-01,-6.057062882807831006e-01,6.596709244265992478e-01,-6.057142760265931125e-01,6.596709244265992478e-01,-6.057142760265931125e-01
1.780000000000000027e+00,6.529170870959660755e-01,-6.096247786180180039e-01,6.529097163208136267e-01,-6.096161310788480447e-01,6.529167258587705858e-01,-6.096243529701408370e-01,6.529167258587705858e-01,-6.096243529701408370e-01
1.800000000000000044e+00,6.461299463679613941e-01,-6.134468102651523536e-01,6.461225035334989819e-01,-6.134379275242728413e-01,6.461295927652409565e-01,-6.134463847442986895e-01,6.461295927652409565e-01,-6.134463847442986895e-01
1.820000000000000062e+00,6.393111269239492023e-01,-6.171804768650136497e-01,6.393036166172235690e-01,-6.171713580230934193e-01,6.393107809634223093e-01,-6.171800516689115446e-01,6.393107809634223093e-01,-6.171800516689115446e-01
1.840000000000000080e+00,6.324618878718298864e-01,-6.208254777402405500e-01,6.324543146856049791e-01,-6.208161219783141505e-01,6.324615495521797026e-01,-6.208250530609129569e-01,6.324615495521797026e-01,-6.208250530609129569e-01
1.860000000000000098e+00,6.255834913008460063e-01,-6.243815312438012466e-01,6.255758598322297415e-01,-6.243719378232266415e-01,6.255831606122828070e-01,-6.243811072676738183e-01,6.255831606122828070e-01,-6.243811072676738183e-01
1.880000000000000115e+00,6.186772019817542434e-01,-6.278483747874651355e-01,6.186695168308273818e-01,-6.278385430498554243e-01,6.186768789065526519e-01,-6.278479516954810213e-01,6.186768789065526519e-01,-6.278479516954810213e-01
1.900000000000000133e+00,6.117442870667727517e-01,-6.312257648654016062e-01,6.117365528352211035e-01,-6.312156942325355402e-01,6.117439715797858835e-01,-6.312253428331441318e-01,6.117439715797858835e-01,-6.312253428331441318e-01
1.919999999999999929e+00,6.047860157893880650e-01,-6.345134770729060625e-01,6.047782370791385809e-01,-6.345031670466142470e-01,6.047857078585389123e-01,-6.345130562707276267e-01,6.047857078585389123e-01,-6.345130562707276267e-01
1.939999999999999947e+00,5.978036591641002762e-01,-6.377113061202570599e-01,5.977958405759598026e-01,-6.377007562822839537e-01,5.978033587508488900e-01,-6.377108867134120285e-01,5.978033587508488900e-01,-6.377108867134120285e-01
1.959999999999999964e+00,5.907984896861875335e-01,-6.408190658417004526e-01,5.907906358184882301e-01,-6.408082758535459389e-01,5.907981967459781103e-01,-6.408186479904848243e-01,5.907981967459781103e-01,-6.408186479904848243e-01
1.979999999999999982e+00,5.837717810315731226e-01,-6.438365891995730950e-01,5.837638964788202101e-01,-6.438255588023078513e-01,5.837714955142578876e-01,-6.438361730594663879e-01,5.837714955142578876e-01,-6.438361730594663879e-01
2.000000000000000000e+00,5.767248077568734033e-01,-6.467637282835622115e-01,5.767168971083992401e-01,-6.467524572976229846e-01,5.767245296071153993e-01,-6.467633140053741236e-01,5.767245296071153993e-01,-6.467633140053741236e-01
2.020000000000000018e+00,5.696588449997067594e-01,-6.496003543051138696e-01,5.696509128383306919e-01,-6.495888426300747698e-01,5.696585741573628736e-01,-6.495999420351322717e-01,5.696585741573628736e-01,-6.495999420351322717e-01
2.040000000000000036e+00,5.625751681793480508e-01,-6.523463575869947739e-01,5.625672190800412586e-01,-6.523346052013152541e-01,5.625749045798305037e-01,-6.523459474671365887e-01,5.625749045798305037e-01,-6.523459474671365887e-01
2.060000000000000053e+00,5.554750526978028402e-01,-6.550016475480171518e-01,5.554670912263602878e-01,-6.549896545087684485e-01,5.554747962724226884e-01,-6.550012397159800104e-01,5.554747962724226884e-01,-6.550012397159800104e-01
2.080000000000000071e+00,5.483597736413885482e-01,-6.575661526829377213e-01,5.483518043531068198e-01,-6.575539191255067584e-01,5.483595243176777601e-01,-6.575657472723529517e-01,5.483595243176777601e-01,-6.575657472723529517e-01
2.100000000000000089e+00,5.412306054828940338e-01,-6.600398205375423988e-01,5.412226329212573850e-01,-6.600273466753135976e-01,5.412303631849115781e-01,-6.600394176781275712e-01,5.412303631849115781e-01,-6.600394176781275712e-01
2.120000000000000107e+00,5.340888217844055319e-01,-6.624226176789302922e-01,5.340808504797781575e-01,-6.624099038029446218e-01,5.340885864330235933e-01,-6.624222174966426513e-01,5.340885864330235933e-01,-6.624222174966426513e-01
2.140000000000000124e+00,5.269356949008734414e-01,-6.647145296610109666e-01,5.269277293691997377e-01,-6.647015761396036782e-01,5.269354664140460942e-01,-6.647141322781987549e-01,5.269354664140460942e-01,-6.647141322781987549e-01
2.160000000000000142e+00,5.197724956844971267e-01,-6.669155609852310818e-01,5.197645404260115010e-01,-6.669023682636480155e-01,5.197722739775143541e-01,-6.669151665207843083e-01,5.197722739775143541e-01,-6.669151665207843083e-01
2.180000000000000160e+00,5.126004931900151051e-01,-6.690257350565488315e-01,5.125925526879583360e-01,-6.690123036565396308e-01,5.126002781757368343e-01,-6.690253436260482633e-01,5.126002781757368343e-01,-6.690253436260482633e-01
2.200000000000000178e+00,5.054209543809671246e-01,-6.710450941346716158e-01,5.054130331003126031e-01,-6.710314246540636240e-01,5.054207459700441607e-01,-6.710447058505355500e-01,5.054207459700441607e-01,-6.710447058505355500e-01
2.220000000000000195e+00,4.982351438370155594e-01,-6.729736992805809281e-01,4.982272462232053001e-01,-6.729597923928304359e-01,4.982349419380941447e-01,-6.729733142522096312e-01,4.982349419380941447e-01,-6.729733142522096312e-01
2.240000000000000213e+00,4.910443234624000119e-01,-6.748116302983636627e-01,4.910364539400893791e-01,-6.747974867520856179e-01,4.910441279823122840e-01,-6.748112486322797032e-01,4.910441279823122840e-01,-6.748112486322797032e-01
2.260000000000000231e+00,4.838497521956011682e-01,-6.765589856723692730e-01,4.838419151674141494e-01,-6.765446062908487823e-01,4.838495630395407421e-01,-6.765586074723571874e-01,4.838495630395407421e-01,-6.765586074723571874e-01
2.280000000000000249e+00,4.766526857202944556e-01,-6.782158824997244206e-01,4.766448855655883721e-01,-6.782012681804041598e-01,4.766525027919780166e-01,-6.782155078669631632e-01,4.766525027919780166e-01,-6.782155078669631632e-01
2.300000000000000266e+00,4.694543761776640012e-01,-6.797824564182212148e-01,4.694466172513065416e-01,-6.797676081321707420e-01,4.694541993794815737e-01,-6.797820854514157185e-01,4.694541993794815737e-01,-6.797820854514157185e-01
2.319999999999999840e+00,4.622560718801603241e-01,-6.812588615296112371e-01,4.622483585113162374e-01,-6.812437803209758780e-01,4.622559011133109963e-01,-6.812584943251186465e-01,4.622559011133109963e-01,-6.812584943251186465e-01
2.339999999999999858e+00,4.550590170267686529e-01,-6.826452703183322201e-01,4.550513535176979873e-01,-6.826299573037606372e-01,4.550588521913858653e-01,-6.826449069702831274e-01,4.550588521913858653e-01,-6.826449069702831274e-01
2.359999999999999876e+00,4.478644514198709126e-01,-6.839418735656931370e-01,4.478568420447388565e-01,-6.839263299337466906e-01,4.478642924151350346e-01,-6.839415141661089326e-01,4.478642924151350346e-01,-6.839415141661089326e-01
2.379999999999999893e+00,4.406736101837679387e-01,-6.851488802595527838e-01,4.406660591874677624e-01,-6.851331072700941327e-01,4.406734569080092978e-01,-6.851485248984570120e-01,4.406734569080092978e-01,-6.851485248984570120e-01
2.399999999999999911e+00,4.334877234849426331e-01,-6.862665174995175033e-01,4.334802350819290107e-01,-6.862505164830803306e-01,4.334875758357324416e-01,-6.862661662650435535e-01,4.334875758357324416e-01,-6.862661662650435535e-01
2.419999999999999929e+00,4.263080162541303397e-01,-6.872950303976960162e-01,4.263005946272676039e-01,-6.872788027548362155e-01,4.263078741283644058e-01,-6.872946833761880425e-01,4.263078741283644058e-01,-6.872946833761880425e-01
2.439999999999999947e+00,4.191357079102762118e-01,-6.882346819750414513e-01,4.191283572096975441e-01,-6.882182291756687720e-01,4.191355712042464932e-01,-6.882343392511509617e-01,4.191355712042464932e-01,-6.882343392511509617e-01
2.459999999999999964e+00,4.119720120864442392e-01,-6.890857530533180952e-01,4.119647364284252933e-01,-6.890690766360093589e-01,4.119718806959037916e-01,-6.890854147100939908e-01,4.119718806959037916e-01,-6.890854147100939908e-01
2.479999999999999982e+00,4.048181363577553205e-01,-6.898485421427268394e-01,4.048109398236010570e-01,-6.898316437140206148e-01,4.048180101779729756e-01,-6.898482082617001243e-01,4.048180101779729756e-01,-6.898482082617001243e-01
2.500000000000000000e+00,3.976752819714192144e-01,-6.905233653252281778e-01,3.976681686063650578e-01,-6.905062465589026921e-01,3.976751608972295959e-01,-6.905230359864908962e-01,3.976751608972295959e-01,-6.905230359864908962e-01
2.520000000000000018e+00,3.905446435789370896e-01,-6.911105561336018388e-01,3.905376173910634630e-01,-6.910932187699326823e-01,3.905445275047797482e-01,-6.911102314158796833e-01,3.905445275047797482e-01,-6.911102314158796833e-01
2.540000000000000036e+00,3.834274089705361765e-01,-6.916104654262802409e-01,3.834204739296976361e-01,-6.915929112712830840e-01,3.834272977904905066e-01,-6.916101454069999432e-01,3.834272977904905066e-01,-6.916101454069999432e-01
2.560000000000000053e+00,3.763247588119107423e-01,-6.920234612580007383e-01,3.763179188486809323e-01,-6.920056921826548413e-01,3.763246524197235154e-01,-6.920231460133501322e-01,3.763246524197235154e-01,-6.920231460133501322e-01
2.580000000000000071e+00,3.692378663833348895e-01,-6.923499287463128482e-01,3.692311253879654309e-01,-6.923319466857693616e-01,3.692377646724427920e-01,-6.923496183512968249e-01,3.692377646724427920e-01,-6.923496183512968249e-01
2.600000000000000089e+00,3.621678973212143493e-01,-6.925902699339918644e-01,3.621612591426089378e-01,-6.925720768867633659e-01,3.621678001847599693e-01,-6.925899644624798901e-01,3.621678001847599693e-01,-6.925899644624798901e-01
2.620000000000000107e+00,3.551160093621422709e-01,-6.927449036473930510e-01,3.551094778068475954e-01,-6.927265016745289827e-01,3.551159166929867550e-01,-6.927446031721623543e-01,3.551159166929867550e-01,-6.927446031721623543e-01
2.640000000000000124e+00,3.480833520895272870e-01,-6.928142653508010396e-01,3.480769309207382700e-01,-6.927956565750444939e-01,3.480832637802572238e-01,-6.928139699435734711e-01,3.480832637802572238e-01,-6.928139699435734711e-01
2.660000000000000142e+00,3.410710666828545845e-01,-6.927988069968141760e-01,3.410647596194366638e-01,-6.927799936017458027e-01,3.410709826257854460e-01,-6.927985167282860735e-01,3.410709826257854460e-01,-6.927985167282860735e-01
2.680000000000000160e+00,3.340802856696469814e-01,-6.926989968728154423e-01,3.340740963851747125e-01,-6.926799811019794806e-01,3.340802057568236783e-01,-6.926987118126830545e-01,3.340802057568236783e-01,-6.926987118126830545e-01
2.700000000000000178e+00,3.271121326801874618e-01,-6.925153194435769155e-01,3.271060648019990524e-01,-6.924961035995922387e-01,3.271120568033800136e-01,-6.925150396605539438e-01,3.271120568033800136e-01,-6.925150396605539438e-01
2.720000000000000195e+00,3.201677222050631766e-01,-6.922482751900447262e-01,3.201617793133328949e-01,-6.922288616337031186e-01,3.201676502557618820e-01,-6.922480007518762024e-01,3.201676502557618820e-01,-6.922480007518762024e-01
2.740000000000000213e+00,3.132481593555971333e-01,-6.918983804443618046e-01,3.132423449824234263e-01,-6.918787715937090299e-01,3.132480912250031335e-01,-6.918981114178304193e-01,3.132480912250031335e-01,-6.918981114178304193e-01
2.760000000000000231e+00,3.063545396272212007e-01,-6.914661672211720456e-01,3.063488572557339085e-01,-6.914463655505762585e-01,3.063544752062375420e-01,-6.914659036721001462e-01,3.063544752062375420e-01,-6.914659036721001462e-01
2.780000000000000249e+00,2.994879486658557632e-01,-6.909521830452649560e-01,2.994824017293390428e-01,-6.909321910844702375e-01,2.994878878450740745e-01,-6.909519250385097733e-01,2.994878878450740745e-01,-6.909519250385097733e-01
2.800000000000000266e+00,2.926494620373489841e-01,-6.903569907756086366e-01,2.926440539183830514e-01,-6.903368111087762049e-01,2.926494047070377635e-01,-6.903567383750537356e-01,2.926494047070377635e-01,-6.903567383750537356e-01
2.819999999999999840e+00,2.858401450000379596e-01,-6.896811684258319364e-01,2.858348790296588171e-01,-6.896608036905663708e-01,2.858400910501273651e-01,-6.896809216943713405e-01,2.858400910501273651e-01,-6.896809216943713405e-01
2.839999999999999858e+00,2.790610522804832794e-01,-6.889253089812040765e-01,2.790559317373599302e-01,-6.889047618675683271e-01,2.790610016005515837e-01,-6.889250679807235045e-01,2.790610016005515837e-01,-6.889250679807235045e-01
2.859999999999999876e+00,2.723132278524371674e-01,-6.880900202121745801e-01,2.723082559620677578e-01,-6.880692934616908785e-01,2.723131803316955479e-01,-6.880897850035254670e-01,2.723131803316955479e-01,-6.880897850035254670e-01
2.879999999999999893e+00,2.655977047190947182e-01,-6.871759244845255798e-01,2.655928846530216658e-01,-6.871550208891652467e-01,2.655976602463729908e-01,-6.871756951274959890e-01,2.655976602463729908e-01,-6.871756951274959890e-01
2.899999999999999911e+00,2.589155046986868491e-01,-6.861836585661980070e-01,2.589108395737291790e-01,-6.861625809673580489e-01,2.589154631624188685e-01,-6.861834351194785464e-01,2.589154631624188685e-01,-6.861834351194785464e-01
2.919999999999999929e+00,2.522676382134615425e-01,-6.851138734308488409e-01,2.522631310909677627e-01,-6.850926247183187767e-01,2.522675995016716022e-01,-6.851136559519929170e-01,2.522675995016716022e-01,-6.851136559519929170e-01
2.939999999999999947e+00,2.456551040821095822e-01,-6.839672340581994803e-01,2.456507579672288777e-01,-6.839458171691149557e-01,2.456550680824001465e-01,-6.839670226035814427e-01,2.456550680824001465e-01,-6.839670226035814427e-01
2.959999999999999964e+00,2.390788893156822470e-01,-6.827444192312367433e-01,2.390747071566550197e-01,-6.827228371490234871e-01,2.390788559152223769e-01,-6.827442138560042562e-01,2.390788559152223769e-01,-6.827442138560042562e-01
2.979999999999999982e+00,2.325399689170511708e-01,-6.814461213303258935e-01,2.325359536045195075e-01,-6.814243770836325709e-01,2.325399380025665319e-01,-6.814459220883485324e-01,2.325399380025665319e-01,-6.814459220883485324e-01
3.000000000000000000e+00,2.260393056839576920e-01,-6.800730461243001956e-01,2.260354600502944844e-01,-6.800511427859216029e-01,2.260392771417221724e-01,-6.800728530681160455e-01,2.260392771417221724e-01,-6.800728530681160455e-01
3.020000000000000018e+00,2.195778500156991830e-01,-6.786259125585892837e-01,2.195741768343577871e-01,-6.786038532443792182e-01,2.195778237315286485e-01,-6.786257257393455422e-01,2.195778237315286485e-01,-6.786257257393455422e-01
3.040000000000000036e+00,2.131565397234983505e-01,-6.771054525404475166e-01,2.131530417083821738e-01,-6.770832404082224310e-01,2.131565155827465086e-01,-6.771052720078404308e-01,2.131565155827465086e-01,-6.771052720078404308e-01
3.060000000000000053e+00,2.067762998445994982e-01,-6.755124107213514861e-01,2.067729796494508498e-01,-6.754900489697850396e-01,2.067762777321555390e-01,-6.755122365235614046e-01,2.067762777321555390e-01,-6.755122365235614046e-01
3.080000000000000071e+00,2.004380424601360511e-01,-6.738475442766279633e-01,2.004349026779458365e-01,-6.738250361441360248e-01,2.004380222604256190e-01,-6.738473764602519456e-01,2.004380222604256190e-01,-6.738473764602519456e-01
3.100000000000000089e+00,1.941426665168113352e-01,-6.721116226823778961e-01,1.941397096792490395e-01,-6.720889714459971076e-01,1.941426481137995264e-01,-6.721114612923616560e-01,1.941426481137995264e-01,-6.721114612923616560e-01
3.120000000000000107e+00,1.878910576524343568e-01,-6.703054274897679576e-01,1.878882862292979572e-01,-6.702826364640237511e-01,1.878910409296315198e-01,-6.703052725693325886e-01,1.878910409296315198e-01,-6.703052725693325886e-01
3.140000000000000124e+00,1.816840880253497437e-01,-6.684297520967492634e-01,1.816815044240363275e-01,-6.684068246325182150e-01,1.816840728658207227e-01,-6.684296036873179636e-01,1.816840728658207227e-01,-6.684296036873179636e-01
3.160000000000000142e+00,1.755226161478019298e-01,-6.664854015172775314e-01,1.755202227127993231e-01,-6.664623410006413895e-01,1.755226024341781099e-01,-6.664852596583998867e-01,1.755226024341781099e-01,-6.664852596583998867e-01
3.180000000000000160e+00,1.694074867232710224e-01,-6.644731921480988568e-01,1.694052857356694863e-01,-6.644500019991922413e-01,1.694074743377649572e-01,-6.644730568773731250e-01,1.694074743377649572e-01,-6.644730568773731250e-01
3.200000000000000178e+00,1.633395304878154375e-01,-6.623939515331727090e-01,1.633375241648406806e-01,-6.623706352050240387e-01,1.633395193122404720e-01,-6.623938228861682154e-01,1.633395193122404720e-01,-6.623938228861682154e-01
3.220000000000000195e+00,1.573195640554597707e-01,-6.602485181257998770e-01,1.573177545500264451e-01,-6.602250791031657462e-01,1.573195539712509139e-01,-6.602483961359764120e-01,1.573195539712509139e-01,-6.602483961359764120e-01
3.240000000000000213e+00,1.513483897676581869e-01,-6.580377410485261924e-01,1.513467791679449226e-01,-6.580141828467205301e-01,1.513483806558979794e-01,-6.580376257471538537e-01,1.513483806558979794e-01,-6.580376257471538537e-01
3.260000000000000231e+00,1.454267955468696583e-01,-6.557624798508924213e-01,1.454253858759141371e-01,-6.557388060146098763e-01,1.454267872883169277e-01,-6.557623712669701233e-01,1.454267872883169277e-01,-6.557623712669701233e-01
3.280000000000000249e+00,1.395555547542738917e-01,-6.534236042651008214e-01,1.395543479695903200e-01,-6.533998183672355964e-01,1.395555472293966981e-01,-6.534235024252755819e-01,1.395555472293966981e-01,-6.534235024252755819e-01
3.300000000000000266e+00,1.337354260516611659e-01,-6.510219939596719740e-01,1.337344240448779809e-01,-6.509980996001309972e-01,1.337354191406724124e-01,-6.510218988881563140e-01,1.337354191406724124e-01,-6.510218988881563140e-01
3.320000000000000284e+00,1.279671532675225321e-01,-6.485585382911601693e-01,1.279663578640412303e-01,-6.485345390956729350e-01,1.279671468504199328e-01,-6.485584500096512883e-01,1.279671468504199328e-01,-6.485584500096512883e-01
3.339999999999999858e+00,1.222514652673697966e-01,-6.460341360540039490e-01,1.222508782260458421e-01,-6.460100356729282511e-01,1.222514592239798137e-01,-6.460340545816025681e-01,1.222514592239798137e-01,-6.460340545816025681e-01
3.359999999999999876e+00,1.165890758283120582e-01,-6.434496952285805316e-01,1.165886988411563158e-01,-6.434254973357041996e-01,1.165890700383363648e-01,-6.434496205817101799e-01,1.165890700383363648e-01,-6.434496205817101799e-01
3.379999999999999893e+00,1.109806835179135143e-01,-6.408061327275418328e-01,1.109805182098153736e-01,-6.407818410188818037e-01,1.109806778609807032e-01,-6.408060649198691339e-01,1.109806778609807032e-01,-6.408060649198691339e-01
3.399999999999999911e+00,1.054269715773571842e-01,-6.381043741405002523e-01,1.054270195058288062e-01,-6.380799923330987555e-01,1.054269659330767800e-01,-6.381043131828568749e-01,1.054269659330767800e-01,-6.381043131828568749e-01
3.419999999999999929e+00,9.992860780893672579e-02,-6.353453534771446032e-01,9.992887046387902150e-02,-6.353208853078625706e-01,9.992860205695761056e-02,-6.353452993774489910e-01,9.992860205695761056e-02,-6.353452993774489910e-01
3.439999999999999947e+00,9.448624446789871678e-02,-6.325300129088528012e-01,9.448672327138812888e-02,-6.325054621331613891e-01,9.448623848797108038e-02,-6.325299656720352326e-01,9.448623848797108038e-02,-6.325299656720352326e-01
3.459999999999999964e+00,8.910051815865505098e-02,-6.296593025088826900e-01,8.910121446475237350e-02,-6.296346728996544684e-01,8.910051183069554737e-02,-6.296592621368111153e-01,8.910051183069554737e-02,-6.296592621368111153e-01
3.479999999999999982e+00,8.377204973538508737e-02,-6.267341799912132805e-01,8.377296482996503257e-02,-6.267094753375095362e-01,8.377204293954607084e-02,-6.267341464826209352e-01,8.377204293954607084e-02,-6.267341464826209352e-01
3.500000000000000000e+00,7.850144420704410764e-02,-6.237556104481090102e-01,7.850257930764659164e-02,-6.237308345539680499e-01,7.850143682378579735e-02,-6.237555837985246932e-01,7.850143682378579735e-02,-6.237555837985246932e-01
3.520000000000000018e+00,7.328929064679579053e-02,-6.207245660864861847e-01,7.329064690249853520e-02,-6.206997227697108599e-01,7.328928255696225136e-02,-6.207245462881662013e-01,7.328928255696225136e-02,-6.207245462881662013e-01
3.540000000000000036e+00,6.813616210588283040e-02,-6.176420259631538734e-01,6.813774059719555909e-02,-6.176171190540993283e-01,6.813615319078113186e-02,-6.176420130050188639e-01,6.813615319078113186e-02,-6.176420130050188639e-01
3.560000000000000053e+00,6.304261553195039669e-02,-6.145089757190098645e-01,6.304441727072927770e-02,-6.144840090593697290e-01,6.304260567343238086e-02,-6.145089695865800783e-01,6.304260567343238086e-02,-6.145089695865800783e-01
3.580000000000000071e+00,5.800919169183332141e-02,-6.113264073122592901e-01,5.801121762121817099e-02,-6.113013847538545376e-01,5.800918077238145787e-02,-6.113264079875975199e-01,5.800918077238145787e-02,-6.113264079875975199e-01
3.600000000000000089e+00,5.303641509882019850e-02,-6.080953187507398550e-01,5.303866609319182052e-02,-6.080702441543075487e-01,5.303640300163593724e-02,-6.080953262123941494e-01,5.303640300163593724e-02,-6.080953262123941494e-01
3.620000000000000107e+00,4.812479394440292990e-02,-6.048167138234268325e-01,4.812727080936194529e-02,-6.047915910574103160e-01,4.812478055349749678e-02,-6.048167280463780937e-01,4.812478055349749678e-02,-6.048167280463780937e-01
3.640000000000000124e+00,4.327482003452018389e-02,-6.014916018311906587e-01,4.327752350688703759e-02,-6.014664347705325209e-01,4.327480523480937286e-02,-6.014916227868043475e-01,4.327480523480937286e-02,-6.014916227868043475e-01
3.660000000000000142e+00,3.848696873030334892e-02,-5.981209973168919447e-01,3.848989947813920287e-02,-5.980957898418262086e-01,3.848695240770332038e-02,-5.981210249728703410e-01,3.848695240770332038e-02,-5.981210249728703410e-01
3.680000000000000160e+00,3.376169889332918117e-02,-5.947059197948778575e-01,3.376485751597799179e-02,-5.946806757897284967e-01,3.376168093485584776e-02,-5.947059541152203144e-01,3.376168093485584776e-02,-5.947059541152203144e-01
3.700000000000000178e+00,2.909945283538475924e-02,-5.912473934799687969e-01,2.910283986353644908e-02,-5.912221168319484743e-01,2.909943312925557593e-02,-5.912474344249337710e-01,2.909943312925557593e-02,-5.912474344249337710e-01
3.720000000000000195e+00,2.450065627274840632e-02,-5.877464470160043142e-01,2.450427216852213777e-02,-5.877211416140161182e-01,2.450063470848543382e-02,-5.877464945420741715e-01,2.450063470848543382e-02,-5.877464945420741715e-01
3.740000000000000213e+00,1.996571828498747495e-02,-5.842041132040238782e-01,1.996956344203641015e-02,-5.841787829374689434e-01,1.996569475352319087e-02,-5.842041672638773608e-01,1.996569475352319087e-02,-5.842041672638773608e-01
3.760000000000000231e+00,1.549503127827451740e-02,-5.806214287301655341e-01,1.549910602191068194e-02,-5.805960774877516606e-01,1.549500567205957559e-02,-5.806214892726512256e-01,1.549500567205957559e-02,-5.806214892726512256e-01
3.780000000000000249e+00,1.108897095322113752e-02,-5.769994338933498446e-01,1.109327554056148413e-02,-5.769740655619066683e-01,1.108894316633310916e-02,-5.769995008634669631e-01,1.108894316633310916e-02,-5.769995008634669631e-01
3.800000000000000266e+00,6.747896277227138570e-03,-5.733391723328329359e-01,6.752430897359321636e-03,-5.733137907961303181e-01,6.747866205481638582e-03,-5.733392456717140151e-01,6.747866205481638582e-03,-5.733392456717140151e-01
3.820000000000000284e+00,2.472149461342671838e-03,-5.696416907556995923e-01,2.476914235511727940e-03,-5.696162998932712274e-01,2.472117002404885557e-03,-5.696417704006002669e-01,2.472117002404885557e-03,-5.696417704006002669e-01
3.839999999999999858e+00,-1.737944058362131264e-03,-5.659080386643742244e-01,-1.732949076547134854e-03,-5.658826423503476866e-01,-1.737979004863743912e-03,-5.659081245486665690e-01,-1.737979004863743912e-03,-5.659081245486665690e-01
3.859999999999999876e+00,-5.882075634925369723e-03,-5.621392680842263179e-01,-5.876850459264881636e-03,-5.621138701861564391e-01,-5.882113167285376101e-03,-5.621393601373967375e-01,-5.882113167285376101e-03,-5.621393601373967375e-01
3.879999999999999893e+00,-9.959953420126075110e-03,-5.583364332913426376e-01,-9.954498131583061279e-03,-5.583110376690536558e-01,-9.959993634446676070e-03,-5.583365314389963086e-01,-9.959993634446676070e-03,-5.583365314389963086e-01
3.899999999999999911e+00,-1.397130236963070767e-02,-5.545005905405465674e-01,-1.396561711606410933e-02,-5.544752010449782720e-01,-1.397134535970680734e-02,-5.545006947044147649e-01,-1.397134535970680734e-02,-5.545006947044147649e-01
3.919999999999999929e+00,-1.791586424366233346e-02,-5.506327977937335305e-01,-1.790994923954087811e-02,-5.506074182657959559e-01,-1.791591010086516708e-02,-5.506329078916880615e-01,-1.791591010086516708e-02,-5.506329078916880615e-01
3.939999999999999947e+00,-2.179339760320378808e-02,-5.467341144486044247e-01,-2.178725312930034075e-02,-5.467087487180370964e-01,-2.179344641636490540e-02,-5.467342303946753912e-01,-2.179344641636490540e-02,-5.467342303946753912e-01
3.959999999999999964e+00,-2.560367780174668817e-02,-5.428056010678631305e-01,-2.559730420481316424e-02,-5.427802529521049690e-01,-2.560372965704244344e-02,-5.428057227722637990e-01,-2.560372965704244344e-02,-5.428057227722637990e-01
3.979999999999999982e+00,-2.934649697260038534e-02,-5.388483191089614710e-01,-2.933989466502302454e-02,-5.388229924120259140e-01,-2.934655195343524939e-02,-5.388484464781171379e-01,-2.934655195343524939e-02,-5.388484464781171379e-01
4.000000000000000000e+00,-3.302166401177455968e-02,-5.348633306544596788e-01,-3.301483347121104278e-02,-5.348380291658181296e-01,-3.302172219866635755e-02,-5.348634635910411994e-01,-3.302172219866635755e-02,-5.348634635910411994e-01
4.020000000000000462e+00,-3.662900455645275860e-02,-5.308516981430760895e-01,-3.662194632544932965e-02,-5.308264256365506917e-01,-3.662906602691770597e-02,-5.308518365460404009e-01,-3.662906602691770597e-02,-5.308518365460404009e-01
4.040000000000000036e+00,-4.016836095907228010e-02,-5.268144841015041102e-01,-4.016107564466343816e-02,-5.267892443341684050e-01,-4.016842578751089743e-02,-5.268146278661389736e-01,-4.016842578751089743e-02,-5.268146278661389736e-01
4.060000000000000497e+00,-4.363959225703145650e-02,-5.227527508770627440e-01,-4.363208053031966682e-02,-5.227275475881513200e-01,-4.363966051461583284e-02,-5.227528998950364825e-01,-4.363966051461583284e-02,-5.227528998950364825e-01
4.080000000000000071e+00,-4.704257413804052018e-02,-5.186675603712600502e-01,-4.703483673375876556e-02,-5.186423972810877414e-01,-4.704264589260269414e-02,-5.186677145306772818e-01,-4.704264589260269414e-02,-5.186677145306772818e-01
4.099999999999999645e+00,-5.037719890114078503e-02,-5.145599737743353774e-01,-5.036923661719654860e-02,-5.145348545832258980e-01,-5.037727421706239550e-02,-5.145601329597974116e-01,-5.037727421706239550e-02,-5.145601329597974116e-01
4.120000000000000107e+00,-5.364337541341113180e-02,-5.104310513008571970e-01,-5.363518911041220000e-02,-5.104059796880814348e-01,-5.364345435151504637e-02,-5.104312153935280927e-01,-5.364345435151504637e-02,-5.104312153935280927e-01
4.139999999999999680e+00,-5.684102906238647918e-02,-5.062818519264440376e-01,-5.683261966314930719e-02,-5.062568315491694504e-01,-5.684111167983005308e-02,-5.062820208041218795e-01,-5.684111167983005308e-02,-5.062820208041218795e-01
4.160000000000000142e+00,-5.997010170421342851e-02,-5.021134331256820182e-01,-5.996147019325399896e-02,-5.020884676179312445e-01,-5.997018805438399797e-02,-5.021136066628745231e-01,-5.997018805438399797e-02,-5.021136066628745231e-01
4.179999999999999716e+00,-6.303055160756651509e-02,-4.979268506113080361e-01,-6.302169903057341926e-02,-4.979019435829287188e-01,-6.303064173997925679e-02,-4.979270286793138767e-01,-6.303064173997925679e-02,-4.979270286793138767e-01
4.200000000000000178e+00,-6.602235339335532638e-02,-4.937231580747253323e-01,-6.601328085664638634e-02,-4.936983131103721556e-01,-6.602244735355296268e-02,-4.937233405417207899e-01,-6.602244735355296268e-02,-4.937233405417207899e-01
4.219999999999999751e+00,-6.894549797024621118e-02,-4.895034069279297628e-01,-6.893620664020742861e-02,-4.894786275860562030e-01,-6.894559579970227503e-02,-4.895035936590598213e-01,-6.894559579970227503e-02,-4.895035936590598213e-01
4.240000000000000213e+00,-7.179999246603245566e-02,-4.852686460469026186e-01,-7.179048356854114687e-02,-4.852439358587649632e-01,-7.180009420205701876e-02,-4.852688369043767769e-01,-7.180009420205701876e-02,-4.852688369043767769e-01
4.259999999999999787e+00,-7.458586015487893295e-02,-4.810199215165499864e-01,-7.457613497470974573e-02,-4.809952839852235096e-01,-7.458596583052731765e-02,-4.810201163597429552e-01,-7.458596583052731765e-02,-4.810201163597429552e-01
4.280000000000000249e+00,-7.730314038047651770e-02,-4.767582763772467147e-01,-7.729320026069158578e-02,-4.767337149766541771e-01,-7.730325002446131188e-02,-4.767584750628047763e-01,-7.730325002446131188e-02,-4.767584750628047763e-01
4.299999999999999822e+00,-7.995188847513508279e-02,-4.724847503730603138e-01,-7.994173481645817925e-02,-4.724602685470120633e-01,-7.995200211174170735e-02,-4.724849527550102346e-01,-7.995200211174170735e-02,-4.724849527550102346e-01
4.320000000000000284e+00,-8.253217567485268691e-02,-4.682003797017121882e-01,-8.252180993502779283e-02,-4.681759808629596953e-01,-8.253229332385848827e-02,-4.682005856315770154e-01,-8.253229332385848827e-02,-4.682005856315770154e-01
4.339999999999999858e+00,-8.504408903039206713e-02,-4.639061967663503649e-01,-8.503351272352588364e-02,-4.638818842956527466e-01,-8.504421070698922613e-02,-4.639064060932673872e-01,-8.504421070698922613e-02,-4.639064060932673872e-01
4.360000000000000320e+00,-8.748773131440337747e-02,-4.596032299291913370e-01,-8.747694601029341877e-02,-4.595790071743944827e-01,-8.748785702912593998e-02,-4.596034425000357637e-01,-8.748785702912593998e-02,-4.596034425000357637e-01
4.379999999999999893e+00,-8.986322092462767364e-02,-4.552925032671005234e-01,-8.985222824807510833e-02,-4.552683735422305977e-01,-8.986335068328243914e-02,-4.552927189266124941e-01,-8.986335068328243914e-02,-4.552927189266124941e-01
4.400000000000000355e+00,-9.217069178322120915e-02,-4.509750363291716302e-01,-9.215949341332869971e-02,-4.509510029135412879e-01,-9.217082558682333782e-02,-4.509752549200874983e-01,-9.217082558682333782e-02,-4.509752549200874983e-01
4.419999999999999929e+00,-9.441029323223781855e-02,-4.466518438963690274e-01,-9.439889090169328867e-02,-4.466279100336987828e-01,-9.441043107695047676e-02,-4.466520652595567520e-01,-9.441043107695047676e-02,-4.466520652595567520e-01
4.440000000000000391e+00,-9.658218992531104885e-02,-4.423239357432951491e-01,-9.657058541965760079e-02,-4.423001046408472914e-01,-9.658233180238998128e-02,-4.423241597178921847e-01,-9.658233180238998128e-02,-4.423241597178921847e-01
4.459999999999999964e+00,-9.868656171557570189e-02,-4.379923164021438664e-01,-9.867475687246637928e-02,-4.379685912298726391e-01,-9.868670761131841107e-02,-4.379925428256999931e-01,-9.868670761131841107e-02,-4.379925428256999931e-01
4.480000000000000426e+00,-1.007236035398721974e-01,-4.336579849288997868e-01,-1.007116002483129658e-01,-4.336343688186147238e-01,-1.007237534355723274e-01,-4.336582136375225494e-01,-1.007237534355723274e-01,-4.336582136375225494e-01
4.500000000000000000e+00,-1.026935252992758202e-01,-4.293219346718448737e-01,-1.026813254988537816e-01,-4.292984307163898450e-01,-1.026936791711821201e-01,-4.293221655003480186e-01,-1.026936791711821201e-01,-4.293221655003480186e-01
4.520000000000000462e+00,-1.045965517359959268e-01,-4.249851530424290091e-01,-1.045841574160951137e-01,-4.249617642948761431e-01,-1.045967095552768622e-01,-4.249853858244842519e-01,-1.045967095552768622e-01,-4.249853858244842519e-01
4.540000000000000036e+00,-1.064329223066883545e-01,-4.206486212885648390e-01,-1.064203355056927286e-01,-4.206253507614233778e-01,-1.064330840394018540e-01,-4.206488558568567404e-01,-1.064330840394018540e-01,-4.206488558568567404e-01
4.560000000000000497e+00,-1.082028910522303961e-01,-4.163133142704016354e-01,-1.081901138567142179e-01,-4.162901649348424993e-01,-1.082030566592989684e-01,-4.163135504567839762e-01,-1.082030566592989684e-01,-4.163135504567839762e-01
4.580000000000000071e+00,-1.099067264640004177e-01,-4.119802002386377948e-01,-1.098937610079065569e-01,-4.119571750237341345e-01,-1.099068959011916674e-01,-4.119804378742936146e-01,-1.099068959011916674e-01,-4.119804378742936146e-01
4.600000000000000533e+00,-1.115447113467150780e-01,-4.076502406154227653e-01,-1.115315598105215827e-01,-4.076273424074058349e-01,-1.115448845646287990e-01,-4.076504795310259555e-01,-1.115448845646287990e-01,-4.076504795310259555e-01
4.620000000000000107e+00,-1.131171426778685291e-01,-4.033243897779092979e-01,-1.131038072877435519e-01,-4.033016214194405924e-01,-1.131173196219279059e-01,-4.033246298037883038e-01,-1.131173196219279059e-01,-4.033246298037883038e-01
4.639999999999999680e+00,-1.146243314638265148e-01,-3.990035948445020964e-01,-1.146108144907715121e-01,-3.989809591339619210e-01,-1.146245120742766105e-01,-3.990038358108058403e-01,-1.146245120742766105e-01,-3.990038358108058403e-01
4.660000000000000142e+00,-1.160666025926231082e-01,-3.946887954638633178e-01,-1.160529063516060611e-01,-3.946662951546553444e-01,-1.160667868045345830e-01,-3.946890372007280656e-01,-1.160667868045345830e-01,-3.946890372007280656e-01
4.679999999999999716e+00,-1.174442946835135282e-01,-3.903809236067216082e-01,-1.174304215325906176e-01,-3.903585614065944176e-01,-1.174444824267926735e-01,-3.903811659444396120e-01,-1.174444824267926735e-01,-3.903811659444396120e-01
4.700000000000000178e+00,-1.187577599333342199e-01,-3.860809033605355212e-01,-1.187437122727614397e-01,-3.860586819309206885e-01,-1.187579511327385151e-01,-3.860811461297253278e-01,-1.187579511327385151e-01,-3.860811461297253278e-01
4.719999999999999751e+00,-1.200073639597223352e-01,-3.817896507270671091e-01,-1.199931442310574470e-01,-3.817675726824334981e-01,-1.200075585348829021e-01,-3.817898937588433128e-01,-1.200075585348829021e-01,-3.817898937588433128e-01
4.740000000000000213e+00,-1.211934856412509032e-01,-3.775080734229044332e-01,-1.211790963264448850e-01,-3.774861413301314195e-01,-1.211936835067004004e-01,-3.775083165490505932e-01,-1.211936835067004004e-01,-3.775083165490505932e-01
4.759999999999999787e+00,-1.223165169545305103e-01,-3.732370706829932216e-01,-1.223019605750107069e-01,-3.732152870607587380e-01,-1.223167180197375914e-01,-3.732373137361325588e-01,-1.223167180197375914e-01,-3.732373137361325588e-01
4.780000000000000249e+00,-1.233768628083367069e-01,-3.689775330672124265e-01,-1.233621419240798489e-01,-3.689559003853999930e-01,-1.233770669777470297e-01,-3.689777758809810737e-01,-1.233770669777470297e-01,-3.689777758809810737e-01
4.799999999999999822e+00,-1.243749408748157648e-01,-3.647303422700508002e-01,-1.243600580834126612e-01,-3.647088629491733736e-01,-1.243751480478982180e-01,-3.647305846792697204e-01,-1.243751480478982180e-01,-3.647305846792697204e-01
4.820000000000000284e+00,-1.253111814178280436e-01,-3.604963709334198518e-01,-1.252961393535401424e-01,-3.604750473440609948e-01,-1.253113914891286762e-01,-3.604966127742672000e-01,-1.253113914891286762e-01,-3.604966127742672000e-01
4.839999999999999858e+00,-1.261860271184843674e-01,-3.562764824626541982e-01,-1.261708284512920164e-01,-3.562553169249277896e-01,-1.261862399776854937e-01,-3.562767235728371840e-01,-1.261862399776854937e-01,-3.562767235728371840e-01
4.860000000000000320e+00,-1.269999328979357633e-01,-3.520715308457378900e-01,-1.269845803325781175e-01,-3.520505256287648765e-01,-1.270001484299219663e-01,-3.520717710646640852e-01,-1.270001484299219663e-01,-3.520717710646640852e-01
4.879999999999999893e+00,-1.277533657374728127e-01,-3.478823604758015664e-01,-1.277378620124813291e-01,-3.478615177972047001e-01,-1.277535838224028442e-01,-3.478825996447489355e-01,-1.277535838224028442e-01,-3.478825996447489355e-01
4.900000000000000355e+00,-1.284468044959961863e-01,-3.437098059769270186e-01,-1.284311523827204315e-01,-3.436891280023443018e-01,-1.284470250093816546e-01,-3.437100439392135054e-01,-1.284470250093816546e-01,-3.437100439392135054e-01
4.919999999999999929e+00,-1.290807397249173760e-01,-3.395546920333052388e-01,-1.290649420265437552e-01,-3.395341808759205771e-01,-1.290809625377070391e-01,-3.395549286344566320e-01,-1.290809625377070391e-01,-3.395549286344566320e-01
4.940000000000000391e+00,-1.296556734805504041e-01,-3.354178332217785941e-01,-1.296397330311152285e-01,-3.353974909418711015e-01,-1.296558984592213748e-01,-3.354180683096946169e-01,-1.296558984592213748e-01,-3.354180683096946169e-01
4.959999999999999964e+00,-1.301721191340558803e-01,-3.313000338478126472e-01,-1.301560387974516342e-01,-3.312798624523244362e-01,-1.301723461407104376e-01,-3.313002672729318809e-01,-1.301723461407104376e-01,-3.313002672729318809e-01
4.980000000000000426e+00,-1.306306011789993560e-01,-3.272020877849269316e-01,-1.306143838479757457e-01,-3.271820892270490000e-01,-1.306308300714681958e-01,-3.272023194003891855e-01,-1.306308300714681958e-01,-3.272023194003891855e-01
5.000000000000000000e+00,-1.310316550365861199e-01,-3.231247783176258159e-01,-1.310153036317448783e-01,-3.231049544964021969e-01,-1.310318856685371847e-01,-3.231250079794324992e-01,-1.310318856685371847e-01,-3.231250079794324992e-01
5.020000000000000462e+00,-1.313758268586351363e-01,-3.190688779878585457e-01,-1.313593443274208294e-01,-3.190492307478098866e-01,-1.313760590796896055e-01,-3.190691055550306521e-01,-1.313760590796896055e-01,-3.190691055550306521e-01
5.040000000000000036e+00,-1.316636733283565452e-01,-3.150351484450468753e-01,-1.316470626440416625e-01,-3.150156795758110029e-01,-1.316639069842092946e-01,-3.150353737797795817e-01,-1.316639069842092946e-01,-3.150353737797795817e-01
5.060000000000000497e+00,-1.318957614589948979e-01,-3.110243402997057705e-01,-1.318790256196609445e-01,-3.110050515356981293e-01,-1.318959963915420086e-01,-3.110245632675208705e-01,-1.318959963915420086e-01,-3.110245632675208705e-01
5.080000000000000071e+00,-1.320726683904046295e-01,-3.070371929806942068e-01,-1.320558104179190839e-01,-3.070180860007870605e-01,-1.320729044378756156e-01,-3.070374134505893804e-01,-1.320729044378756156e-01,-3.070374134505893804e-01
5.100000000000000533e+00,-1.321949811836203303e-01,-3.030744345961213226e-01,-1.321780041226099101e-01,-3.030555110233408289e-01,-1.321952181807166948e-01,-3.030746524407155751e-01,-1.321952181807166948e-01,-3.030746524407155751e-01
5.120000000000000107e+00,-1.322632966134889287e-01,-2.991367817979390664e-01,-1.322462035303091088e-01,-2.991180431991813937e-01,-1.322635343915283535e-01,-2.991369968936145596e-01,-1.322635343915283535e-01,-2.991369968936145596e-01
5.139999999999999680e+00,-1.322782209594281777e-01,-2.952249396502455991e-01,-1.322610149411304337e-01,-2.952063875360124157e-01,-1.322784593464936542e-01,-2.952251518772862626e-01,-1.322784593464936542e-01,-2.952251518772862626e-01
5.160000000000000142e+00,-1.322403697943786982e-01,-2.913396015013290374e-01,-1.322230539476737798e-01,-2.913212373254809306e-01,-1.322406086154731264e-01,-2.913398107440547391e-01,-1.322406086154731264e-01,-2.913398107440547391e-01
5.179999999999999716e+00,-1.321503677720139713e-01,-2.874814488594750750e-01,-1.321329452222340661e-01,-2.874632740190041780e-01,-1.321506068492200592e-01,-2.874816550063712950e-01,-1.321506068492200592e-01,-2.874816550063712950e-01
5.200000000000000178e+00,-1.320088484122776962e-01,-2.836511512725595763e-01,-1.319913223023356508e-01,-2.836331671073814564e-01,-1.320090875649225781e-01,-2.836513542164035839e-01,-1.320090875649225781e-01,-2.836513542164035839e-01
5.219999999999999751e+00,-1.318164538853128509e-01,-2.798493662114546754e-01,-1.317988273746603101e-01,-2.798315740042181532e-01,-1.318166929301381185e-01,-2.798495658494356553e-01,-1.318166929301381185e-01,-2.798495658494356553e-01
5.240000000000000213e+00,-1.315738347938522068e-01,-2.760767389572621466e-01,-1.315561110574357262e-01,-2.760591399331783768e-01,-1.315740735451879639e-01,-2.760769351910983271e-01,-1.315740735451879639e-01,-2.760769351910983271e-01
5.259999999999999787e+00,-1.312816499541360760e-01,-2.723339024924025242e-01,-1.312638321813527909e-01,-2.723164978190936725e-01,-1.312818882240801288e-01,-2.723340952284514227e-01,-1.312818882240801288e-01,-2.723340952284514227e-01
5.280000000000000249e+00,-1.309405661754260985e-01,-2.686214773955709068e-01,-1.309226575690783934e-01,-2.686042681829362566e-01,-1.309408037740273367e-01,-2.686216665449362440e-01,-1.309408037740273367e-01,-2.686216665449362440e-01
5.299999999999999822e+00,-1.305512580381835153e-01,-2.649400717405843153e-01,-1.305332618134330824e-01,-2.649230590406858599e-01,-1.305514947736291786e-01,-2.649402572192157135e-01,-1.305514947736291786e-01,-2.649402572192157135e-01
5.320000000000000284e+00,-1.301144076709787878e-01,-2.612902809991312081e-01,-1.300963270543015748e-01,-2.612734658060982262e-01,-1.301146433497865351e-01,-2.612904627279196146e-01,-1.301146433497865351e-01,-2.612904627279196146e-01
5.339999999999999858e+00,-1.296307045262034274e-01,-2.576726879474433018e-01,-1.296125427543438902e-01,-2.576560711973955309e-01,-1.296309389534163192e-01,-2.576728658523108617e-01,-1.296309389534163192e-01,-2.576728658523108617e-01
5.360000000000000320e+00,-1.291008451546502844e-01,-2.540878625769007471e-01,-1.290826054735767503e-01,-2.540714451478895963e-01,-1.291010781340360958e-01,-2.540880365888838477e-01,-1.291010781340360958e-01,-2.540880365888838477e-01
5.379999999999999893e+00,-1.285255329790332413e-01,-2.505363620085856446e-01,-1.285072186428942165e-01,-2.505201447205552823e-01,-1.285257643132867444e-01,-2.505365320639122984e-01,-1.285257643132867444e-01,-2.505365320639122984e-01
5.400000000000000355e+00,-1.279054780665134228e-01,-2.470187304117932858e-01,-1.278870923365950374e-01,-2.470027140265592391e-01,-1.279057075574623337e-01,-2.470188964519549890e-01,-1.279057075574623337e-01,-2.470188964519549890e-01
5.419999999999999929e+00,-1.272413969003030332e-01,-2.435354989265152426e-01,-1.272229430439884568e-01,-2.435196841477620389e-01,-1.272416243491165111e-01,-2.435356608983318960e-01,-1.272416243491165111e-01,-2.435356608983318960e-01
5.440000000000000391e+00,-1.265340121504142101e-01,-2.400871855898995266e-01,-1.265154934401447606e-01,-2.400715730631969858e-01,-1.265342373578146329e-01,-2.400873434455779998e-01,-1.265342373578146329e-01,-2.400873434455779998e-01
5.459999999999999964e+00,-1.257840524436232843e-01,-2.366742952667000577e-01,-1.257654721558619515e-01,-2.366588855795370983e-01,-1.257842752100999939e-01,-2.366744489638862303e-01,-1.257842752100999939e-01,-2.366744489638862303e-01
5.480000000000000426e+00,-1.249922521327193892e-01,-2.332973195837177438e-01,-1.249736135469168841e-01,-2.332821132655562846e-01,-1.249924722587454212e-01,-2.332974690855424693e-01,-1.249924722587454212e-01,-2.332974690855424693e-01
5.500000000000000000e+00,-1.241593510651066712e-01,-2.299567368682445823e-01,-1.241406574626705006e-01,-2.299417343905900968e-01,-1.241595683513570525e-01,-2.299568821433619348e-01,-1.241595683513570525e-01,-2.299568821433619348e-01
5.520000000000000462e+00,-1.232860943508295309e-01,-2.266530120905092816e-01,-1.232673490140960698e-01,-2.266382138669995050e-01,-1.232863085984016727e-01,-2.266531531131286137e-01,-1.232863085984016727e-01,-2.266531531131286137e-01
5.540000000000000036e+00,-1.223732321300905201e-01,-2.233865968101328425e-01,-1.223544383413014275e-01,-2.233720031966463238e-01,-1.223734431407262763e-01,-2.233867335600435711e-01,-1.223734431407262763e-01,-2.233867335600435711e-01
5.560000000000000497e+00,-1.214215193403292425e-01,-2.201579291265919336e-01,-1.214026803806106808e-01,-2.201435404213726021e-01,-1.214217269166381064e-01,-2.201580615891814974e-01,-1.214217269166381064e-01,-2.201580615891814974e-01
5.580000000000000071e+00,-1.204317154829327163e-01,-2.169674336336953058e-01,-1.204128346312796916e-01,-2.169532500774960238e-01,-1.204319194286164324e-01,-2.169675617999596573e-01,-1.204319194286164324e-01,-2.169675617999596573e-01
5.600000000000000533e+00,-1.194045843896455045e-01,-2.138155213780682795e-01,-1.193856649219104116e-01,-2.138015431543119904e-01,-1.194047845097232219e-01,-2.138156452446155764e-01,-1.194047845097232219e-01,-2.138156452446155764e-01
5.620000000000000107e+00,-1.183408939887489464e-01,-2.107025898216479398e-01,-1.183219391766346801e-01,-2.106888170566062757e-01,-1.183410900897831769e-01,-2.107027093906946869e-01,-1.183410900897831769e-01,-2.107027093906946869e-01
5.639999999999999680e+00,-1.172414160710779502e-01,-2.076290228081831279e-01,-1.172224291811366781e-01,-2.076154555711728633e-01,-1.172416079614008455e-01,-2.076291380875433246e-01,-1.172416079614008455e-01,-2.076291380875433246e-01
5.660000000000000142e+00,-1.161069260559450811e-01,-2.045951905337377863e-01,-1.160879103485820824e-01,-2.045818288373348337e-01,-1.161071135458845577e-01,-2.045953015368045524e-01,-1.161071135458845577e-01,-2.045953015368045524e-01
5.679999999999999716e+00,-1.149382027570397397e-01,-2.016014495211916890e-01,-1.149191614855231136e-01,-2.015882933214617201e-01,-1.149383856591457420e-01,-2.016015562669113137e-01,-1.149383856591457420e-01,-2.016015562669113137e-01
5.700000000000000178e+00,-1.137360281483705965e-01,-1.986481425987305371e-01,-1.137169645578471056e-01,-1.986351917954775614e-01,-1.137362062776406946e-01,-1.986482451115695325e-01,-1.137362062776406946e-01,-1.986482451115695325e-01
5.719999999999999751e+00,-1.125011871303209926e-01,-1.957355988823217263e-01,-1.124821044568382195e-01,-1.957228533193534348e-01,-1.125013603044250632e-01,-1.957356971922262490e-01,-1.125013603044250632e-01,-1.957356971922262490e-01
5.740000000000000213e+00,-1.112344672958831687e-01,-1.928641337621630758e-01,-1.112153687654181128e-01,-1.928515932275731148e-01,-1.112346353353876188e-01,-1.928642279045111596e-01,-1.112346353353876188e-01,-1.928642279045111596e-01
5.759999999999999787e+00,-1.099366586971410459e-01,-1.900340488930987448e-01,-1.099175475246360473e-01,-1.900217131195654496e-01,-1.099368214257309823e-01,-1.900341389086445121e-01,-1.099368214257309823e-01,-1.900341389086445121e-01
5.780000000000000249e+00,-1.086085536120673517e-01,-1.872456321889873487e-01,-1.085894330004729541e-01,-1.872335008540894075e-01,-1.086087108567682369e-01,-1.872457181237987545e-01,-1.086087108567682369e-01,-1.872457181237987545e-01
5.799999999999999822e+00,-1.072509463117043288e-01,-1.844991578210138650e-01,-1.072318194510295114e-01,-1.844872305475625807e-01,-1.072510979031003481e-01,-1.844992397264022810e-01,-1.072510979031003481e-01,-1.844992397264022810e-01
5.820000000000000284e+00,-1.058646328277916687e-01,-1.817948862199290916e-01,-1.058455028941625992e-01,-1.817831625763161596e-01,-1.058647786002434588e-01,-1.817949641523719240e-01,-1.058647786002434588e-01,-1.817949641523719240e-01
5.839999999999999858e+00,-1.044504107209127675e-01,-1.791330640822048070e-01,-1.044312808756384242e-01,-1.791215435827673286e-01,-1.044505505127718697e-01,-1.791331381032608971e-01,-1.044505505127718697e-01,-1.791331381032608971e-01
5.860000000000000320e+00,-1.030090788492204756e-01,-1.765139243800865898e-01,-1.029899522378677212e-01,-1.765026064854871568e-01,-1.030092125030414446e-01,-1.765139945563044543e-01,-1.030092125030414446e-01,-1.765139945563044543e-01
5.879999999999999893e+00,-1.015414371378124542e-01,-1.739376863755309754e-01,-1.015223168892891714e-01,-1.739265704931534096e-01,-1.015415645005618289e-01,-1.739377527783491917e-01,-1.015415645005618289e-01,-1.739377527783491917e-01
5.900000000000000355e+00,-1.000482863488190155e-01,-1.714045556380043578e-01,-1.000291755744663474e-01,-1.713936411223660750e-01,-1.000484072720814882e-01,-1.714046183436456761e-01,-1.000484072720814882e-01,-1.714046183436456761e-01
5.919999999999999929e+00,-9.853042785226936995e-02,-1.689147240661306448e-01,-9.851132964496289723e-02,-1.689040102193089532e-01,-9.853054219244995748e-02,-1.689147831554886625e-01,-9.853054219244995748e-02,-1.689147831554886625e-01
5.940000000000000391e+00,-9.698866339780097545e-02,-1.664683699131618566e-01,-9.696958083106134441e-02,-1.664578559852369910e-01,-9.698877101632395747e-02,-1.664684254716810585e-01,-9.698877101632395747e-02,-1.664684254716810585e-01
5.959999999999999964e+00,-9.542379488727623094e-02,-1.640656578162559831e-01,-9.540473101438963488e-02,-1.640553430057674900e-01,-9.542389565077942504e-02,-1.640657099338043712e-01,-9.542389565077942504e-02,-1.640657099338043712e-01
5.980000000000000426e+00,-9.383662414836940746e-02,-1.617067388295344577e-01,-9.381758200151756044e-02,-1.616966222839540668e-01,-9.383671792889509977e-02,-1.617067876002703797e-01,-9.383671792889509977e-02,-1.617067876002703797e-01
6.000000000000000000e+00,-9.222795270918855703e-02,-1.593917504609018987e-01,-9.220893529858956161e-02,-1.593818312771197454e-01,-9.222803938436889559e-02,-1.593917959831332720e-01,-9.222803938436889559e-02,-1.593917959831332720e-01
6.020000000000000462e+00,-9.059858157399347522e-02,-1.571208167125979216e-01,-9.057959188705244635e-02,-1.571110939374237014e-01,-9.059866102723204695e-02,-1.571208590886361278e-01,-9.059866102723204695e-02,-1.571208590886361278e-01
6.040000000000000036e+00,-8.894931100007391622e-02,-1.548940481254614532e-01,-8.893035200054395795e-02,-1.548845207561393433e-01,-8.894938312072117603e-02,-1.548940874614675167e-01,-8.894938312072117603e-02,-1.548940874614675167e-01
6.060000000000000497e+00,-8.728094027584694381e-02,-1.527115418268748803e-01,-8.726201490300238006e-02,-1.527022088116134213e-01,-8.728100495937154979e-02,-1.527115782327010396e-01,-8.728100495937154979e-02,-1.527115782327010396e-01
6.080000000000000071e+00,-8.559426750023822750e-02,-1.505733815823673549e-01,-8.557537866805725590e-02,-1.505642418208819056e-01,-8.559432464839177024e-02,-1.505734151713914726e-01,-8.559432464839177024e-02,-1.505734151713914726e-01
6.100000000000000533e+00,-8.389008936340421052e-02,-1.484796378508427828e-01,-8.387123995976408786e-02,-1.484706901949118807e-01,-8.389013888438073829e-02,-1.484796687397970938e-01,-8.389013888438073829e-02,-1.484796687397970938e-01
6.120000000000000107e+00,-8.216920092885814098e-02,-1.464303678434072664e-01,-8.215039381474149860e-02,-1.464216110974424223e-01,-8.216924273744762031e-02,-1.464303961522019637e-01,-8.216924273744762031e-02,-1.464303961522019637e-01
6.140000000000000568e+00,-8.043239541705690665e-02,-1.444256155857625845e-01,-8.041363342576979267e-02,-1.444170485073912880e-01,-8.043242943479213258e-02,-1.444256414373034647e-01,-8.043242943479213258e-02,-1.444256414373034647e-01
6.160000000000000142e+00,-7.868046399050980522e-02,-1.424654119841368138e-01,-7.866174992691171708e-02,-1.424570332847979459e-01,-7.868049014580742739e-02,-1.424654355041378995e-01,-7.868049014580742739e-02,-1.424654355041378995e-01
6.179999999999999716e+00,-7.691419554046496909e-02,-1.405497748947173720e-01,-7.689553218021141778e-02,-1.405415832402695520e-01,-7.691421376875870464e-02,-1.405497962115083155e-01,-7.691421376875870464e-02,-1.405497962115083155e-01
6.200000000000000178e+00,-7.513437647523310559e-02,-1.386787091965547836e-01,-7.511576656403014252e-02,-1.386707032078967339e-01,-7.513438671910135924e-02,-1.386787284408831367e-01,-7.513438671910135924e-02,-1.386787284408831367e-01
6.219999999999999751e+00,-7.334179051020414675e-02,-1.368522068679020876e-01,-7.332323676307557492e-02,-1.368443851216053220e-01,-7.334179271948951251e-02,-1.368522241727314070e-01,-7.334179271948951251e-02,-1.368522241727314070e-01
6.240000000000000213e+00,-7.153721845961266701e-02,-1.350702470659535803e-01,-7.151872356018039445e-02,-1.350626080949071939e-01,-7.153721259153451861e-02,-1.350702625662569267e-01,-7.153721259153451861e-02,-1.350702625662569267e-01
6.259999999999999787e+00,-6.972143803010900920e-02,-1.333327962099497555e-01,-6.970300462988600343e-02,-1.333253385040158723e-01,-6.972142404936841620e-02,-1.333328100424988338e-01,-6.972142404936841620e-02,-1.333328100424988338e-01
6.280000000000000249e+00,-6.789522361618886837e-02,-1.316398080676071947e-01,-6.787685433388564171e-02,-1.316325300742889615e-01,-6.789520149506593494e-02,-1.316398203707576653e-01,-6.789520149506593494e-02,-1.316398203707576653e-01
6.299999999999999822e+00,-6.605934609753723319e-02,-1.299912238448391322e-01,-6.604104351838113729e-02,-1.299841239699590367e-01,-6.605931581598027680e-02,-1.299912347583119798e-01,-6.605931581598027680e-02,-1.299912347583119798e-01
6.320000000000000284e+00,-6.421457263833806051e-02,-1.283869722787246426e-01,-6.419633931340659738e-02,-1.283800488871138790e-01,-6.421453418404500513e-02,-1.283869819433850756e-01,-6.421453418404500513e-02,-1.283869819433850756e-01
6.339999999999999858e+00,-6.236166648860420186e-02,-1.268269697336901203e-01,-6.234350493417201849e-02,-1.268202211498883347e-01,-6.236161985709546413e-02,-1.268269782913213628e-01,-6.236161985709546413e-02,-1.268269782913213628e-01
6.360000000000000320e+00,-6.050138678757708416e-02,-1.253111203008581698e-01,-6.048329948447651871e-02,-1.253045448098239478e-01,-6.050133198226032016e-02,-1.253111278939344209e-01,-6.050133198226032016e-02,-1.253111278939344209e-01
6.379999999999999893e+00,-5.863448836924915059e-02,-1.238393159005267002e-01,-5.861647776224499645e-02,-1.238329117483575603e-01,-5.863442540147503074e-02,-1.238393226719824713e-01,-5.863442540147503074e-02,-1.238393226719824713e-01
6.400000000000000355e+00,-5.676172157005728025e-02,-1.224114363877326778e-01,-5.674379006723591357e-02,-1.224052017823953342e-01,-5.676165045916718721e-02,-1.224114424807293822e-01,-5.676165045916718721e-02,-1.224114424807293822e-01
6.419999999999999929e+00,-5.488383203879831918e-02,-1.210273496608598731e-01,-5.486598201097077354e-02,-1.210212827729292978e-01,-5.488375281216262280e-02,-1.210273552185510831e-01,-5.488375281216262280e-02,-1.210273552185510831e-01
6.440000000000000391e+00,-5.300156054881347695e-02,-1.196869117732441146e-01,-5.298379432893297880e-02,-1.196810107366524933e-01,-5.300147324186115644e-02,-1.196869169385388482e-01,-5.300147324186115644e-02,-1.196869169385388482e-01
6.459999999999999964e+00,-5.111564281249076497e-02,-1.183899670477341209e-01,-5.109796269508558308e-02,-1.183842299605285531e-01,-5.111554746872979532e-02,-1.183899719630584074e-01,-5.111554746872979532e-02,-1.183899719630584074e-01
6.480000000000000426e+00,-4.922680929813048889e-02,-1.171363481941603557e-01,-4.920921753875066862e-02,-1.171307731192689355e-01,-4.922670596915953295e-02,-1.171363530012180521e-01,-4.922670596915953295e-02,-1.171363530012180521e-01
6.500000000000000000e+00,-4.733578504922210384e-02,-1.159258764296670630e-01,-4.731828386390143221e-02,-1.159204613956736629e-01,-4.733567379473210823e-02,-1.159258812691992824e-01,-4.733567379473210823e-02,-1.159258812691992824e-01
6.520000000000000462e+00,-4.544328950617447516e-02,-1.147583616018594127e-01,-4.542588107090769767e-02,-1.147531046037863212e-01,-4.544317039394172447e-02,-1.147583666134039948e-01,-4.544317039394172447e-02,-1.147583666134039948e-01
6.540000000000000036e+00,-4.355003633054686796e-02,-1.136336023147194035e-01,-4.353272278078160890e-02,-1.136285013148179146e-01,-4.354990943641618567e-02,-1.136336076363697045e-01,-4.354990943641618567e-02,-1.136336076363697045e-01
6.560000000000000497e+00,-4.165673323182076532e-02,-1.125513860572408265e-01,-4.163951666196475526e-02,-1.125464389857892544e-01,-4.165659863967945131e-02,-1.125513918254051060e-01,-4.165659863967945131e-02,-1.125513918254051060e-01
6.580000000000000071e+00,-3.976408179675790244e-02,-1.115114893347359387e-01,-3.974696425970201258e-02,-1.115066940908449600e-01,-3.976393959849963688e-02,-1.115114956838963167e-01,-3.976393959849963688e-02,-1.115114956838963167e-01
6.600000000000000533e+00,-3.787277732138284031e-02,-1.105136778027618200e-01,-3.785576082803874393e-02,-1.105090322551868370e-01,-3.787262761686294860e-02,-1.105136848652350096e-01,-3.787262761686294860e-02,-1.105136848652350096e-01
6.620000000000000107e+00,-3.598350864563366891e-02,-1.095577064036191844e-01,-3.596659516448782318e-02,-1.095532083915788241e-01,-3.598335154261363827e-02,-1.095577143093176969e-01,-3.598335154261363827e-02,-1.095577143093176969e-01
6.640000000000000568e+00,-3.409695799071725542e-02,-1.086433195053693596e-01,-3.408014944740012792e-02,-1.086389668393709373e-01,-3.409679360480060567e-02,-1.086433283815641665e-01,-3.409679360480060567e-02,-1.086433283815641665e-01
6.660000000000000142e+00,-3.221380079921048328e-02,-1.077702510433208999e-01,-3.219709907608136329e-02,-1.077660415059917554e-01,-3.221362925376858310e-02,-1.077702610144061074e-01,-3.221362925376858310e-02,-1.077702610144061074e-01
6.679999999999999716e+00,-3.033470557794266248e-02,-1.069382246639313666e-01,-3.031811251369084803e-02,-1.069341560108559575e-01,-3.033452700403044613e-02,-1.069382358511909575e-01,-3.033452700403044613e-02,-1.069382358511909575e-01
6.700000000000000178e+00,-2.846033374369739966e-02,-1.061469538710731603e-01,-2.844385113295845244e-02,-1.061430238316354024e-01,-2.846014827996055929e-02,-1.061469663924496654e-01,-2.846014827996055929e-02,-1.061469663924496654e-01
6.719999999999999751e+00,-2.659133947176917784e-02,-1.053961421746090338e-01,-2.657496906475776549e-02,-1.053923484528401927e-01,-2.659114726434059356e-02,-1.053961561444759359e-01,-2.659114726434059356e-02,-1.053961561444759359e-01
6.740000000000000213e+00,-2.472836954740812235e-02,-1.046854832412239117e-01,-2.471211304956670574e-02,-1.046818235166549482e-01,-2.472817074979566029e-02,-1.046854987701603817e-01,-2.472817074979566029e-02,-1.046854987701603817e-01
6.759999999999999787e+00,-2.287206322018896926e-02,-1.040146610474591282e-01,-2.285592229185232777e-02,-1.040111329759781239e-01,-2.287185799315295809e-02,-1.040146782420284521e-01,-2.287185799315295809e-02,-1.040146782420284521e-01
6.780000000000000249e+00,-2.102305206133413956e-02,-1.033833500348931844e-01,-2.100702831741025831e-02,-1.033799512496066803e-01,-2.102284057275609699e-02,-1.033833689974249376e-01,-2.102284057275609699e-02,-1.033833689974249376e-01
6.799999999999999822e+00,-1.918195982402525271e-02,-1.027912152674146234e-01,-1.916605483369252308e-02,-1.027879433795132330e-01,-1.918174224876664086e-02,-1.027912360957914661e-01,-1.918174224876664086e-02,-1.027912360957914661e-01
6.820000000000000284e+00,-1.734940230673110914e-02,-1.022379125905308328e-01,-1.733361759315102391e-02,-1.022347651901579779e-01,-1.734917882648330870e-02,-1.022379353779791777e-01,-1.734917882648330870e-02,-1.022379353779791777e-01
6.839999999999999858e+00,-1.552598721958427068e-02,-1.017230887926568600e-01,-1.551032425963132406e-02,-1.017200634497814060e-01,-1.552575802270872614e-02,-1.017231136275425218e-01,-1.552575802270872614e-02,-1.017231136275425218e-01
6.860000000000000320e+00,-1.371231405383225091e-02,-1.012463817683262324e-01,-1.369677427783952579e-02,-1.012434760336182876e-01,-1.371207933519233250e-02,-1.012464087339558366e-01,-1.371207933519233250e-02,-1.012464087339558366e-01
6.879999999999999893e+00,-1.190897395439341824e-02,-1.008074206832696995e-01,-1.189355874591457689e-02,-1.008046320889787878e-01,-1.190873391517644798e-02,-1.008074498576965322e-01,-1.190873391517644798e-02,-1.008074498576965322e-01
6.900000000000000355e+00,-1.011654959554149011e-02,-1.004058261413003084e-01,-1.010126029112910426e-02,-1.004031522021364697e-01,-1.011630444307255912e-02,-1.004058575971370770e-01,-1.011630444307255912e-02,-1.004058575971370770e-01
6.919999999999999929e+00,-8.335615059746595903e-03,-1.000412103529512847e-01,-8.320452948746843991e-03,-1.000386485669673559e-01,-8.335365007292996897e-03,-1.000412441571881944e-01,-8.335365007292996897e-03,-1.000412441571881944e-01
6.940000000000000391e+00,-6.566735719694746266e-03,-9.971317730580454841e-02,-6.551702044058585299e-03,-9.971072515528220381e-02,-6.566480986262750695e-03,-9.971321351963467750e-02,-6.566480986262750695e-03,-9.971321351963467750e-02
6.959999999999999964e+00,-4.810468123511513552e-03,-9.942132293645458696e-02,-4.795564077621839068e-03,-9.941897788879003328e-02,-4.810208933633769099e-03,-9.942136161510548020e-02,-4.810208933633769099e-03,-9.942136161510548020e-02
6.980000000000000426e+00,-3.067359883209686347e-03,-9.916523530404694475e-02,-3.052586613725227251e-03,-9.916299481263869675e-02,-3.067096466725297357e-03,-9.916527649661946442e-02,-3.067096466725297357e-03,-9.916527649661946442e-02
7.000000000000000000e+00,-1.337949566384515846e-03,-9.894449476533248578e-02,-1.323308172100038900e-03,-9.894235627047069659e-02,-1.337682158210375767e-03,-9.894453851464754535e-02,-1.337682158210375767e-03,-9.894453851464754535e-02
7.020000000000000462e+00,3.772334088258002920e-04,-9.875867415117887960e-02,3.917418771035072579e-04,-9.875663508093440734e-02,3.775045689313011820e-04,-9.875872049363140781e-02,3.775045689313011820e-04,-9.875872049363140781e-02
7.040000000000000036e+00,2.077668875492922913e-03,-9.860733894447853976e-02,2.092043415051666241e-03,-9.860539671559287456e-02,2.077943543173687950e-03,-9.860738790989977132e-02,2.077943543173687950e-03,-9.860738790989977132e-02
7.060000000000000497e+00,3.762846016348986647e-03,-9.849004745939390904e-02,3.777085672662721869e-03,-9.848819947816914167e-02,3.763123942902203527e-03,-9.849009907092216853e-02,3.763123942902203527e-03,-9.849009907092216853e-02
7.080000000000000071e+00,5.432263458915731480e-03,-9.840635102187952898e-02,5.446367325718961920e-03,-9.840459468506820850e-02,5.432544391550686927e-03,-9.840640529583964680e-02,5.432544391550686927e-03,-9.840640529583964680e-02
7.100000000000000533e+00,7.085429367298769383e-03,-9.835579415142085835e-02,7.099396586645062394e-03,-9.835412684711500320e-02,7.085713049402053189e-03,-9.835585109721232955e-02,7.085713049402053189e-03,-9.835585109721232955e-02
7.120000000000000107e+00,8.721861530629971410e-03,-9.833791474392922227e-02,8.735691292934281288e-03,-9.833633385244903991e-02,8.722147702037634162e-03,-9.833797436392391345e-02,8.722147702037634162e-03,-9.833797436392391345e-02
7.140000000000000568e+00,1.034108744814667483e-02,-9.835224425573232954e-02,1.035477899221139836e-02,-9.835074715051356220e-02,1.034137584542241597e-02,-9.835230654518163640e-02,1.034137584542241597e-02,-9.835230654518163640e-02
7.160000000000000142e+00,1.194264441089291050e-02,-9.839830788859929567e-02,1.195619702391810361e-02,-9.839689193707930326e-02,1.194293476761293035e-02,-9.839837283555083469e-02,1.194293476761293035e-02,-9.839837283555083469e-02
7.179999999999999716e+00,1.352607958003346211e-02,-9.847562477573991446e-02,1.353949259761073540e-02,-9.847428734024198105e-02,1.352637162707670884e-02,-9.847569236096495593e-02,1.352637162707670884e-02,-9.847569236096495593e-02
7.200000000000000178e+00,1.509095006176863936e-02,-9.858370816871631082e-02,1.510422286785905073e-02,-9.858244660733203601e-02,1.509124352761294537e-02,-9.858377836564649610e-02,1.509124352761294537e-02,-9.858377836564649610e-02
7.219999999999999751e+00,1.663682297884123973e-02,-9.872206562520663420e-02,1.664995500573746012e-02,-9.872087729267620126e-02,1.663711758986451128e-02,-9.872213839988215611e-02,1.663711758986451128e-02,-9.872213839988215611e-02
7.240000000000000213e+00,1.816327553862825267e-02,-9.889019919755924481e-02,1.817626626690088329e-02,-9.888908144614913520e-02,1.816357101941467461e-02,-9.889027450858754731e-02,1.816357101941467461e-02,-9.889027450858754731e-02
7.259999999999999787e+00,1.966989509780853185e-02,-9.908760562207641343e-02,1.968274405623661114e-02,-9.908655580245415151e-02,1.967019117145933985e-02,-9.908768342060168821e-02,1.967019117145933985e-02,-9.908768342060168821e-02
7.280000000000000249e+00,2.115627922360259830e-02,-9.931377650896620890e-02,2.116898598908801762e-02,-9.931279197107230339e-02,2.115657561205102830e-02,-9.931385673865010533e-02,2.115657561205102830e-02,-9.931385673865010533e-02
7.299999999999999822e+00,2.262203575157749336e-02,-9.956819853290131694e-02,2.263459994904462244e-02,-9.956727662681788549e-02,2.262233217590805742e-02,-9.956828112991553126e-02,2.262233217590805742e-02,-9.956828112991553126e-02
7.320000000000000284e+00,2.406678284001506282e-02,-9.985035362412392201e-02,2.407920414229417286e-02,-9.984949170093895821e-02,2.406707902078576364e-02,-9.985043851715394436e-02,2.406707902078576364e-02,-9.985043851715394436e-02
7.339999999999999858e+00,2.549014902083885856e-02,-1.001597191600349518e-01,2.550242714853412709e-02,-1.001589145727037472e-01,2.549044467840739028e-02,-1.001598062702957759e-01,2.549044467840739028e-02,-1.001598062702957759e-01
7.360000000000000320e+00,2.689177324710012237e-02,-1.004957681572073019e-01,2.690390796844294857e-02,-1.004950182614088861e-01,2.689206810195212544e-02,-1.004958573984713055e-01,2.689206810195212544e-02,-1.004958573984713055e-01
7.379999999999999893e+00,2.827130493702024322e-02,-1.008579694637612434e-01,2.828329606770640589e-02,-1.008572716187506324e-01,2.827159871010067813e-02,-1.008580607423980591e-01,2.827159871010067813e-02,-1.008580607423980591e-01
7.400000000000000355e+00,2.962840401459216830e-02,-1.012457879520419907e-01,2.964025141760493268e-02,-1.012451395214978150e-01,2.962869642763872949e-02,-1.012458811670702286e-01,2.962869642763872949e-02,-1.012458811670702286e-01
7.419999999999999929e+00,3.096274094674058772e-02,-1.016586847115372727e-01,3.097444453215785279e-02,-1.016580830644044364e-01,3.096303172261850173e-02,-1.016587797546896765e-01,3.096303172261850173e-02,-1.016587797546896765e-01
7.440000000000000391e+00,3.227399677704535785e-02,-1.020961172419761059e-01,3.228555650183249220e-02,-1.020955597533027143e-01,3.227428564008339579e-02,-1.020962139977763111e-01,3.227428564008339579e-02,-1.020962139977763111e-01
7.459999999999999964e+00,3.356186315602990855e-02,-1.025575396465462086e-01,3.357327902381753576e-02,-1.025570236983156108e-01,3.356214983235810551e-02,-1.025576379923988646e-01,3.356214983235810551e-02,-1.025576379923988646e-01
7.480000000000000426e+00,3.482604236802167019e-02,-1.030424028251715474e-01,3.483731442886906643e-02,-1.030419258071281624e-01,3.482632658590869429e-02,-1.030425026314645692e-01,3.482632658590869429e-02,-1.030425026314645692e-01
7.500000000000000000e+00,3.606624735458814623e-02,-1.035501546677881635e-01,3.607737570473209393e-02,-1.035497139782575599e-01,3.606652884477914295e-02,-1.035502557980085281e-01,3.606652884477914295e-02,-1.035502557980085281e-01
7.520000000000000462e+00,3.728220173455751990e-02,-1.040802402475598382e-01,3.729318651614652730e-02,-1.040798332942626386e-01,3.728248023061165456e-02,-1.040803425584217179e-01,3.728248023061165456e-02,-1.040803425584217179e-01
7.540000000000000036e+00,3.847363982063017884e-02,-1.046321020139725638e-01,3.848448122144479400e-02,-1.046317262148308974e-01,3.847391505925753380e-02,-1.046322053555589493e-01,3.847391505925753380e-02,-1.046322053555589493e-01
7.560000000000000497e+00,3.964030663259140996e-02,-1.052051799857495196e-01,3.965100488575053206e-02,-1.052048327696881169e-01,3.964057835398820950e-02,-1.052052842016662632e-01,3.964057835398820950e-02,-1.052052842016662632e-01
7.580000000000000071e+00,4.078195790713421559e-02,-1.057989119435259473e-01,4.079251329078693172e-02,-1.057985907512651313e-01,4.078222585531693367e-02,-1.057990168710698092e-01,4.078222585531693367e-02,-1.057990168710698092e-01
7.600000000000000533e+00,4.189836010430444263e-02,-1.064127336222264741e-01,4.190877294130859743e-02,-1.064124359070682535e-01,4.189862402744189140e-02,-1.064128390925651035e-01,4.189862402744189140e-02,-1.064128390925651035e-01
7.620000000000000107e+00,4.298929041057907019e-02,-1.070460789030848736e-01,4.299956106816623519e-02,-1.070458021316917085e-01,4.298955006132179624e-02,-1.070461847414510975e-01,4.298955006132179624e-02,-1.070461847414510975e-01
7.640000000000000568e+00,4.405453673859204694e-02,-1.076983800052492002e-01,4.406466562801886200e-02,-1.076981216584145667e-01,4.405479187439876460e-02,-1.076984860311473169e-01,4.405479187439876460e-02,-1.076984860311473169e-01
7.660000000000000142e+00,4.509389772352063314e-02,-1.083690676769126920e-01,4.510388529970658228e-02,-1.083688252503241661e-01,4.509414810698134796e-02,-1.083691737043384062e-01,4.509414810698134796e-02,-1.083691737043384062e-01
7.679999999999999716e+00,4.610718271614846347e-02,-1.090575713859146395e-01,4.611702947730107055e-02,-1.090573423909086820e-01,4.610742811530389035e-02,-1.090576772235882508e-01,4.610742811530389035e-02,-1.090576772235882508e-01
7.700000000000000178e+00,4.709421177262025637e-02,-1.097633195097524328e-01,4.710391825984736741e-02,-1.097631014740604039e-01,4.709445196127731714e-02,-1.097634249613643059e-01,4.709445196127731714e-02,-1.097634249613643059e-01
7.719999999999999751e+00,4.805481564090638424e-02,-1.104857395249486673e-01,4.806438243781473857e-02,-1.104855299934344726e-01,4.805505039894825831e-02,-1.104858443894180253e-01,4.805505039894825831e-02,-1.104858443894180253e-01
7.740000000000000213e+00,4.898883574399479773e-02,-1.112242581957163245e-01,4.899826347627735806e-02,-1.112240547311053596e-01,4.898906485768624725e-02,-1.112243622674628507e-01,4.898906485768624725e-02,-1.112243622674628507e-01
7.759999999999999787e+00,4.989612415982915689e-02,-1.119783017618667387e-01,4.990541349483900574e-02,-1.119781019454654525e-01,4.989634742211646740e-02,-1.119784048310947383e-01,4.989634742211646740e-02,-1.119784048310947383e-01
7.780000000000000249e+00,5.077654359801396511e-02,-1.127472961259034373e-01,5.078569524432642590e-02,-1.127470975583098889e-01,5.077676080881859955e-02,-1.127473979788986280e-01,5.077676080881859955e-02,-1.127473979788986280e-01
7.799999999999999822e+00,5.162996737330670383e-02,-1.135306670392479261e-01,5.163898208026951320e-02,-1.135304673410526405e-01,5.163017833981253801e-02,-1.135307674586868293e-01,5.163017833981253801e-02,-1.135307674586868293e-01
7.820000000000000284e+00,5.245627937591961637e-02,-1.143278402875422262e-01,5.246515793319091181e-02,-1.143276371000193914e-01,5.245648391285306217e-02,-1.143279390528134515e-01,5.245648391285306217e-02,-1.143279390528134515e-01
7.839999999999999858e+00,5.325537403865342190e-02,-1.151382418749728742e-01,5.326411727572871041e-02,-1.151380328607617687e-01,5.325557196855677800e-02,-1.151383387625114496e-01,5.325557196855677800e-02,-1.151383387625114496e-01
7.860000000000000320e+00,5.402715630088738424e-02,-1.159612982075652610e-01,5.403576508661413202e-02,-1.159610810513415219e-01,5.402734745438365210e-02,-1.159613929911974262e-01,5.402734745438365210e-02,-1.159613929911974262e-01
7.879999999999999893e+00,5.477154156944935570e-02,-1.167964362753915741e-01,5.478001681153152336e-02,-1.167962086845284048e-01,5.477172578549956150e-02,-1.167965287266931190e-01,5.477172578549956150e-02,-1.167965287266931190e-01
7.900000000000000355e+00,5.548845567639269782e-02,-1.176430838336429419e-01,5.549679832088336151e-02,-1.176428435388612859e-01,5.548863280254401342e-02,-1.176431737223075646e-01,5.548863280254401342e-02,-1.176431737223075646e-01
7.919999999999999929e+00,5.617783483370514253e-02,-1.185006695825113476e-01,5.618604586448869287e-02,-1.185004143385202657e-01,5.617800472633024261e-02,-1.185007566767312670e-01,5.617800472633024261e-02,-1.185007566767312670e-01
7.940000000000000391e+00,5.683962558497805684e-02,-1.193686233458309404e-01,5.684770602324185768e-02,-1.193683509319563157e-01,5.683978810950483102e-02,-1.193687074126882908e-01,5.683978810950483102e-02,-1.193687074126882908e-01
7.959999999999999964e+00,5.747378475406353382e-02,-1.202463762484270587e-01,5.748173565775896443e-02,-1.202460844692299496e-01,5.747393978519485525e-02,-1.202464570542962630e-01,5.747393978519485525e-02,-1.202464570542962630e-01
7.980000000000000426e+00,5.808027939074907053e-02,-1.211333608921232596e-01,5.808810185404270771e-02,-1.211330475780069277e-01,5.808042681267260032e-02,-1.211334382030832962e-01,5.808042681267260032e-02,-1.211334382030832962e-01
8.000000000000000000e+00,5.865908671347865033e-02,-1.220290115303552803e-01,5.866678186619331964e-02,-1.220286745381604643e-01,5.865922642006567156e-02,-1.220290851126134279e-01,5.865922642006567156e-02,-1.220290851126134279e-01
8.019999999999999574e+00,5.921019404915244672e-02,-1.229327642413446664e-01,5.921776305619878833e-02,-1.229324014549341287e-01,5.921032594414521455e-02,-1.229328338616689636e-01,5.921032594414521455e-02,-1.229328338616689636e-01
8.040000000000000924e+00,5.973359877003518725e-02,-1.238440570997814405e-01,5.974104283083352812e-02,-1.238436664306125368e-01,5.973372276722346830e-02,-1.238441225259434980e-01,5.973372276722346830e-02,-1.238441225259434980e-01
8.060000000000000497e+00,6.022930822780650506e-02,-1.247623303469691664e-01,6.023662857569979379e-02,-1.247619097346540501e-01,6.022942425119196669e-02,-1.247623913481960833e-01,6.022942425119196669e-02,-1.247623913481960833e-01
8.080000000000000071e+00,6.069733968478633473e-02,-1.256870265593849900e-01,6.070453758644339670e-02,-1.256865739722399511e-01,6.069744766873467340e-02,-1.256870829068203466e-01,6.069744766873467340e-02,-1.256870829068203466e-01
8.099999999999999645e+00,6.113772024236862473e-02,-1.266175908156078889e-01,6.114479699717972894e-02,-1.266171042511897438e-01,6.113782013174899610e-02,-1.266176422827808845e-01,6.113782013174899610e-02,-1.266176422827808845e-01
8.120000000000000995e+00,6.155048676669890723e-02,-1.275534708615687352e-01,6.155744370616177824e-02,-1.275529483471994352e-01,6.155057851701038751e-02,-1.275535172248722371e-01,6.155057851701038751e-02,-1.275535172248722371e-01
8.140000000000000568e+00,6.193568581163048925e-02,-1.284941172740780013e-01,6.194252429872872112e-02,-1.284935568673567785e-01,6.193576938911580371e-02,-1.284941583132536147e-01,6.193576938911580371e-02,-1.284941583132536147e-01
8.160000000000000142e+00,6.229337353899600666e-02,-1.294389836225864066e-01,6.230009496756901133e-02,-1.294383834118893184e-01,6.229344892074056145e-02,-1.294390191212172747e-01,6.229344892074056145e-02,-1.294390191212172747e-01
8.179999999999999716e+00,6.262361563623068672e-02,-1.303875266291334156e-01,6.263022143033626643e-02,-1.303868847341004000e-01,6.262368281024896510e-02,-1.303875563751444866e-01,6.262368281024896510e-02,-1.303875563751444866e-01
8.199999999999999289e+00,6.292648723138558053e-02,-1.313392063264424425e-01,6.293297884465419434e-02,-1.313385208984517716e-01,6.292654619669217630e-02,-1.313392301126062867e-01,6.292654619669217630e-02,-1.313392301126062867e-01
8.220000000000000639e+00,6.320207280556847107e-02,-1.322934862141194323e-01,6.320845172055110373e-02,-1.322927554367490932e-01,6.320212357223502220e-02,-1.322935038385689155e-01,6.320212357223502220e-02,-1.322935038385689155e-01
8.240000000000000213e+00,6.345046610285171029e-02,-1.332498334129132156e-01,6.345673383036014303e-02,-1.332490555023893297e-01,6.345050869204951760e-02,-1.332498446796593627e-01,6.345050869204951760e-02,-1.332498446796593627e-01
8.259999999999999787e+00,6.367177003768720311e-02,-1.342077188169975843e-01,6.367792811612756065e-02,-1.342068920226300033e-01,6.367180448171362583e-02,-1.342077235364528276e-01,6.367180448171362583e-02,-1.342077235364528276e-01
8.279999999999999361e+00,6.386609659986752785e-02,-1.351666172442343716e-01,6.387214659456733057e-02,-1.351657398488389228e-01,6.386612294215840424e-02,-1.351666152337401561e-01,6.386612294215840424e-02,-1.351666152337401561e-01
8.300000000000000711e+00,6.403356675707572165e-02,-1.361260075843789552e-01,6.403951025960462340e-02,-1.361250779046864479e-01,6.403358505220098362e-02,-1.361259986687378409e-01,6.403358505220098362e-02,-1.361259986687378409e-01
8.320000000000000284e+00,6.417431035506424020e-02,-1.370853729451886605e-01,6.418014898254861822e-02,-1.370843893322410412e-01,6.417432066870878971e-02,-1.370853569571997554e-01,6.417432066870878971e-02,-1.370853569571997554e-01
8.339999999999999858e+00,6.428846601550561313e-02,-1.380442007963990636e-01,6.429420140993753752e-02,-1.380431616359307778e-01,6.428846842443308729e-02,-1.380441775773967317e-01,6.428846842443308729e-02,-1.380441775773967317e-01
8.359999999999999432e+00,6.437618103155783034e-02,-1.390019831115277826e-01,6.438181485909848234e-02,-1.390008868243353679e-01,6.437617562355953116e-02,-1.390019525119228494e-01,6.437617562355953116e-02,-1.390019525119228494e-01
8.380000000000000782e+00,6.443761126118735527e-02,-1.399582165074735041e-01,6.444314521146503327e-02,-1.399570615497704729e-01,6.443759813501358236e-02,-1.399581783872964336e-01,6.443759813501358236e-02,-1.399581783872964336e-01
8.400000000000000355e+00,6.447292101829413258e-02,-1.409124023818717208e-01,6.447835680369751188e-02,-1.409111872456302317e-01,6.447290028356950087e-02,-1.409123566113171244e-01,6.447290028356950087e-02,-1.409123566113171244e-01
8.419999999999999929e+00,6.448228296168291573e-02,-1.418640470481765392e-01,6.448762231664890987e-02,-1.418627702614548292e-01,6.448225473880553338e-02,-1.418639935081491277e-01,6.448225473880553338e-02,-1.418639935081491277e-01
8.439999999999999503e+00,6.446587798192560115e-02,-1.428126618684320004e-01,6.447112266222386479e-02,-1.428113219956888003e-01,6.446584240194834503e-02,-1.428126004510918978e-01,6.446584240194834503e-02,-1.428126004510918978e-01
8.460000000000000853e+00,6.442389508616079563e-02,-1.437577633837019697e-01,6.442904686817280124e-02,-1.437563590260965141e-01,6.442385229065684948e-02,-1.437576939930108044e-01,6.442385229065684948e-02,-1.437576939930108044e-01
8.480000000000000426e+00,6.435653128087587271e-02,-1.446988734421269240e-01,6.436159196087093415e-02,-1.446974032378050834e-01,6.435648142178641840e-02,-1.446987959943921154e-01,6.435648142178641840e-02,-1.446987959943921154e-01
8.500000000000000000e+00,6.426399145271850799e-02,-1.456355193245768842e-01,6.426896284612561294e-02,-1.456339819489438914e-01,6.426393469218420751e-02,-1.456354337489952078e-01,6.426393469218420751e-02,-1.456354337489952078e-01
8.519999999999999574e+00,6.414648824738458655e-02,-1.465672338678697673e-01,6.415137218806084285e-02,-1.465656280338482609e-01,6.414642475755906459e-02,-1.465671401070681723e-01,6.414642475755906459e-02,-1.465671401070681723e-01
8.540000000000000924e+00,6.400424194662944488e-02,-1.474935555855272640e-01,6.400904028612551533e-02,-1.474918800438016486e-01,6.400417190947661761e-02,-1.474934535961015258e-01,6.400417190947661761e-02,-1.474934535961015258e-01
8.560000000000000497e+00,6.383748034345121392e-02,-1.484140287860392926e-01,6.384219495027387836e-02,-1.484122823252862489e-01,6.383740395052500682e-02,-1.484139185390889182e-01,6.383740395052500682e-02,-1.484139185390889182e-01
8.580000000000000071e+00,6.364643861549347525e-02,-1.493282036886110775e-01,6.365107137436525064e-02,-1.493263851357157779e-01,6.364635606770012444e-02,-1.493280851702704914e-01,6.364635606770012444e-02,-1.493280851702704914e-01
8.599999999999999645e+00,6.343135919671642753e-02,-1.502356365363646806e-01,6.343591200783313400e-02,-1.502337447566225448e-01,6.343127070406083534e-02,-1.502355097483299706e-01,6.343127070406083534e-02,-1.502355097483299706e-01
8.620000000000000995e+00,6.319249164738575952e-02,-1.511358897069717544e-01,6.319696642567194933e-02,-1.511339236042769929e-01,6.319239742869975363e-02,-1.511357546670214769e-01,6.319239742869975363e-02,-1.511357546670214769e-01
8.640000000000000568e+00,6.293009252242819096e-02,-1.520285318206909264e-01,6.293449119679032921e-02,-1.520264903377101795e-01,6.292999280508254634e-02,-1.520283885632019993e-01,6.292999280508254634e-02,-1.520283885632019993e-01
8.660000000000000142e+00,6.264442523820351605e-02,-1.529131378457890822e-01,6.264874975078214836e-02,-1.529110199641211809e-01,6.264432025780283797e-02,-1.529129864222452118e-01,6.264432025780283797e-02,-1.529129864222452118e-01
8.679999999999999716e+00,6.233575993774346374e-02,-1.537892892013206780e-01,6.234001224316369077e-02,-1.537870939416423888e-01,6.233564993780485453e-02,-1.537891296808144848e-01,6.233564993780485453e-02,-1.537891296808144848e-01
8.700000000000001066e+00,6.200437335450751514e-02,-1.546565738572463489e-01,6.200855541912865532e-02,-1.546543002794437960e-01,6.200425858612191449e-02,-1.546564063269729450e-01,6.200425858612191449e-02,-1.546564063269729450e-01
8.720000000000000639e+00,6.165054867470651234e-02,-1.555145864318683846e-01,6.165466247587066823e-02,-1.555122336351546508e-01,6.165042939618473744e-02,-1.555144109976108191e-01,6.165042939618473744e-02,-1.555144109976108191e-01
8.740000000000000213e+00,6.127457539824465726e-02,-1.563629282865641457e-01,6.127862292352494883e-02,-1.563604954095825506e-01,6.127445187474649807e-02,-1.563627450731697732e-01,6.127445187474649807e-02,-1.563627450731697732e-01
8.759999999999999787e+00,6.087674919833161585e-02,-1.572012076177985718e-01,6.088073244478046930e-02,-1.571986938387116561e-01,6.087662170147931789e-02,-1.572010167696452632e-01,6.087662170147931789e-02,-1.572010167696452632e-01
8.779999999999999361e+00,6.045737177981573562e-02,-1.580290395463970765e-01,6.046129275321214525e-02,-1.580264440829620698e-01,6.045724058729200212e-02,-1.580288412278493260e-01,6.045724058729200212e-02,-1.580288412278493260e-01
8.800000000000000711e+00,6.001675073629033491e-02,-1.588460462040636456e-01,6.002061145038876944e-02,-1.588433683136933616e-01,6.001661613142017515e-02,-1.588458405999178535e-01,6.001661613142017515e-02,-1.588458405999178535e-01
8.820000000000000284e+00,5.955519940602479328e-02,-1.596518568171259866e-01,5.955900188180356103e-02,-1.596490957969362579e-01,5.955506167734345158e-02,-1.596516441330429470e-01,5.955506167734345158e-02,-1.596516441330429470e-01
8.839999999999999858e+00,5.907303672677233913e-02,-1.604461077874957398e-01,5.907678299168295233e-02,-1.604432629743384187e-01,5.907289616757727124e-02,-1.604458882504220252e-01,5.907289616757727124e-02,-1.604458882504220252e-01
8.859999999999999432e+00,5.857058708950731857e-02,-1.612284427708261247e-01,5.857427917672523160e-02,-1.612255135413083462e-01,5.857044399739629037e-02,-1.612282166294014552e-01,5.857044399739629037e-02,-1.612282166294014552e-01
8.880000000000000782e+00,5.804818019114340449e-02,-1.619985127518572821e-01,5.805182013881991093e-02,-1.619954985223470145e-01,5.804803486753840752e-02,-1.619982802768089036e-01,5.804803486753840752e-02,-1.619982802768089036e-01
8.900000000000000355e+00,5.750615088628670962e-02,-1.627559761169348751e-01,5.750974073680194948e-02,-1.627528763435525383e-01,5.750600363594431108e-02,-1.627557376014571178e-01,5.750600363594431108e-02,-1.627557376014571178e-01
8.919999999999999929e+00,5.694483903807457531e-02,-1.635004987236929885e-01,5.694838083729275580e-02,-1.634973129022889993e-01,5.694469016858246663e-02,-1.635002544838121408e-01,5.694469016858246663e-02,-1.635002544838121408e-01
8.939999999999999503e+00,5.636458936815443022e-02,-1.642317539678885829e-01,5.636808516468105879e-02,-1.642284816340078557e-01,5.636443918941570069e-02,-1.642315043428121402e-01,5.636443918941570069e-02,-1.642315043428121402e-01
8.960000000000000853e+00,5.576575130585453149e-02,-1.649494228473807333e-01,5.576920315029595954e-02,-1.649460635762132477e-01,5.576560012955968787e-02,-1.649491681998307702e-01,5.576560012955968787e-02,-1.649491681998307702e-01
8.980000000000000426e+00,5.514867883660028169e-02,-1.656531940232451872e-01,5.515208878082550337e-02,-1.656497474295625938e-01,5.514852697568621565e-02,-1.656529347397743546e-01,5.514852697568621565e-02,-1.656529347397743546e-01
9.000000000000000000e+00,5.451373034962784386e-02,-1.663427638780171358e-01,5.451710044603319538e-02,-1.663392296160968176e-01,5.451357811772714751e-02,-1.663425003693082549e-01,5.451357811772714751e-02,-1.663425003693082549e-01
9.019999999999999574e+00,5.386126848504944192e-02,-1.670178365710563995e-01,5.386460078582666622e-02,-1.670142143345908492e-01,5.386111619592727495e-02,-1.670175692722026262e-01,5.386111619592727495e-02,-1.670175692722026262e-01
9.040000000000000924e+00,5.319165998032236026e-02,-1.676781240910287518e-01,5.319495653672948188e-02,-1.676744136130230711e-01,5.319150794730421322e-02,-1.676778534617971161e-01,5.319150794730421322e-02,-1.676778534617971161e-01
9.060000000000000497e+00,5.250527551617507893e-02,-1.683233463055002210e-01,5.250853837781105371e-02,-1.683195473581554635e-01,5.250512405156430862e-02,-1.683230728305743218e-01,5.250512405156430862e-02,-1.683230728305743218e-01
9.080000000000000071e+00,5.180248956204298871e-02,-1.689532310076402033e-01,5.180572077612586451e-02,-1.689493434022238671e-01,5.180233897652892355e-02,-1.689529551968443899e-01,5.180233897652892355e-02,-1.689529551968443899e-01
9.099999999999999645e+00,5.108368022106737211e-02,-1.695675139600310577e-01,5.108688183171700842e-02,-1.695635375467343109e-01,5.108353082312612481e-02,-1.695672363485339895e-01,5.108353082312612481e-02,-1.695672363485339895e-01
9.120000000000000995e+00,5.034922907470966436e-02,-1.701659389355824892e-01,5.035240312223345643e-02,-1.701618736033650159e-01,5.034908116999618072e-02,-1.701656600840801004e-01,5.034908116999618072e-02,-1.701656600840801004e-01
9.140000000000000568e+00,4.959952102703475002e-02,-1.707482577555510250e-01,4.960266954721927191e-02,-1.707441034319727158e-01,4.959937491776809926e-02,-1.707479782504286447e-01,4.959937491776809926e-02,-1.707479782504286447e-01
9.160000000000000142e+00,4.883494414871479561e-02,-1.713142303246646125e-01,4.883806917212127341e-02,-1.713099869757043758e-01,4.883480013305696588e-02,-1.713139507781361870e-01,4.883480013305696588e-02,-1.713139507781361870e-01
9.179999999999999716e+00,4.805588952080719345e-02,-1.718636246633522546e-01,4.805899307207166238e-02,-1.718592922932146161e-01,4.805574789223675952e-02,-1.718633457135793907e-01,4.805574789223675952e-02,-1.718633457135793907e-01
9.200000000000001066e+00,4.726275107835855444e-02,-1.723962169370841513e-01,4.726583517549790003e-02,-1.723917955879930852e-01,4.726261212503876652e-02,-1.723959392482705133e-01,4.726261212503876652e-02,-1.723959392482705133e-01
9.220000000000000639e+00,4.645592545388783912e-02,-1.729117914828219582e-01,4.645899210761052917e-02,-1.729072812348028676e-01,4.645578945803102017e-02,-1.729115157452861817e-01,4.645578945803102017e-02,-1.729115157452861817e-01
9.240000000000000213e+00,4.563581182079898269e-02,-1.734101408325866567e-01,4.563886303382128085e-02,-1.734055418032355023e-01,4.563567905802776853e-02,-1.734098677628106711e-01,4.563567905802776853e-02,-1.734098677628106711e-01
9.259999999999999787e+00,4.480281173677736622e-02,-1.738910657341465327e-01,4.480584950314632497e-02,-1.738863780783870827e-01,4.480268247548287869e-02,-1.738907960748009018e-01,4.480268247548287869e-02,-1.738907960748009018e-01
9.279999999999999361e+00,4.395732898722026077e-02,-1.743543751688331200e-01,4.396035529164126626e-02,-1.743495990786629035e-01,4.395720348791982285e-02,-1.743541096887774866e-01,4.395720348791982285e-02,-1.743541096887774866e-01
9.300000000000000711e+00,4.309976942875316103e-02,-1.747998863664907698e-01,4.310278624592465968e-02,-1.747950220707143731e-01,4.309964794344573608e-02,-1.747996258607498743e-01,4.309964794344573608e-02,-1.747996258607498743e-01
9.320000000000000284e+00,4.223054083288432098e-02,-1.752274248175692273e-01,4.223355012683868703e-02,-1.752224725815200723e-01,4.223042360440758952e-02,-1.752271701072841692e-01,4.223042360440758952e-02,-1.752271701072841692e-01
9.339999999999999858e+00,4.135005272984669522e-02,-1.756368242823657666e-01,4.135305645329718366e-02,-1.756317844076170920e-01,4.134993999123418723e-02,-1.756365762147202580e-01,4.134993999123418723e-02,-1.756365762147202580e-01
9.359999999999999432e+00,4.045871625268025046e-02,-1.760279267974296513e-01,4.046171634637558273e-02,-1.760227996214933366e-01,4.045860822652101729e-02,-1.760276862455497082e-01,4.045860822652101729e-02,-1.760276862455497082e-01
9.380000000000000782e+00,3.955694398160389258e-02,-1.764005826791364140e-01,3.955994237368911509e-02,-1.763953685751509237e-01,3.955684087940481569e-02,-1.764003505419654283e-01,3.955684087940481569e-02,-1.764003505419654283e-01
9.400000000000000355e+00,3.864514978872795464e-02,-1.767546505244452226e-01,3.864814839411290920e-02,-1.767493499008526703e-01,3.864505181028050906e-02,-1.767544277265924169e-01,3.864505181028050906e-02,-1.767544277265924169e-01
9.419999999999999929e+00,3.772374868315656049e-02,-1.770899972088518515e-01,3.772674940289136303e-02,-1.770846105090639888e-01,3.772365601590776940e-02,-1.770897847004147818e-01,3.772365601590776940e-02,-1.770897847004147818e-01
9.439999999999999503e+00,3.679315665653041384e-02,-1.774064978815493854e-01,3.679616137718872554e-02,-1.774010255836030447e-01,3.679306947496044367e-02,-1.774062966379097162e-01,3.679306947496044367e-02,-1.774062966379097162e-01
9.460000000000000853e+00,3.585379052905883490e-02,-1.777040359578119788e-01,3.585680112212840526e-02,-1.776984785740133577e-01,3.585370899406527256e-02,-1.777038469794050557e-01,3.585370899406527256e-02,-1.777038469794050557e-01
9.480000000000000426e+00,3.490606779609030375e-02,-1.779825031086149645e-01,3.490908611737220113e-02,-1.779768611851751114e-01,3.490599205438037200e-02,-1.779823274206724093e-01,3.490599205438037200e-02,-1.779823274206724093e-01
9.500000000000000000e+00,3.395040647526943040e-02,-1.782417992475102408e-01,3.395343436428438499e-02,-1.782360733641682460e-01,3.395033665876142498e-02,-1.782416378997761508e-01,3.395033665876142498e-02,-1.782416378997761508e-01
9.519999999999999574e+00,3.298722495432989538e-02,-1.784818325147692897e-01,3.299026423373345451e-02,-1.784760232844072037e-01,3.298716117956473209e-02,-1.784816865811892916e-01,3.298716117956473209e-02,-1.784816865811892916e-01
9.540000000000000924e+00,3.201694183956990680e-02,-1.787025192588160560e-01,3.201999431457602796e-02,-1.786966273270631511e-01,3.201688420713424271e-02,-1.787023898371994934e-01,3.201688420713424271e-02,-1.787023898371994934e-01
9.560000000000000497e+00,3.103997580505894055e-02,-1.789037840149637071e-01,3.104304326287141147e-02,-1.788978100597912457e-01,3.103992439902034800e-02,-1.789036722266196811e-01,3.103992439902034800e-02,-1.789036722266196811e-01
9.580000000000000071e+00,3.005674544262096348e-02,-1.790855594814784180e-01,3.005982965187440487e-02,-1.790795042127850956e-01,3.005670032997640947e-02,-1.790854664708236565e-01,3.005670032997640947e-02,-1.790854664708236565e-01
9.599999999999999645e+00,2.906766911264284381e-02,-1.792477864929865605e-01,2.907077182285200748e-02,-1.792416506521744557e-01,2.906763034278254942e-02,-1.792477134271280581e-01,2.906763034278254942e-02,-1.792477134271280581e-01
9.620000000000000995e+00,2.807316479575251364e-02,-1.793904139912490259e-01,2.807628773677071574e-02,-1.793841983507907800e-01,2.807313239993890902e-02,-1.793903620595390103e-01,2.807313239993890902e-02,-1.793903620595390103e-01
9.640000000000000568e+00,2.707364994541360328e-02,-1.795133989933223873e-01,2.707679482690008091e-02,-1.795071043563196134e-01,2.707362393627759864e-02,-1.795133694068875574e-01,2.707362393627759864e-02,-1.795133694068875574e-01
9.660000000000000142e+00,2.606954134148039767e-02,-1.796167065571305788e-01,2.607270985237748404e-02,-1.796103337568628333e-01,2.606952171253577172e-02,-1.796167005483741697e-01,2.606952171253577172e-02,-1.796167005483741697e-01
9.679999999999999716e+00,2.506125494475951870e-02,-1.797003097444691000e-01,2.506444875277842946e-02,-1.796938596439351110e-01,2.506124166993644806e-02,-1.797003285665478289e-01,2.506124166993644806e-02,-1.797003285665478289e-01
9.700000000000001066e+00,2.404920575262117777e-02,-1.797641895814664215e-01,2.405242650373766444e-02,-1.797576630729169622e-01,2.404919878582032627e-02,-1.797642345077406223e-01,2.404919878582032627e-02,-1.797642345077406223e-01
9.720000000000000639e+00,2.303380765570464672e-02,-1.798083350165270988e-01,2.303705697366478442e-02,-1.798017330209898401e-01,2.303380693037346966e-02,-1.798084073399864868e-01,2.303380693037346966e-02,-1.798084073399864868e-01
9.740000000000000213e+00,2.201547329575978540e-02,-1.798327428757822977e-01,2.201875278159466653e-02,-1.798260663425783890e-01,2.201547872449085771e-02,-1.798328439084451447e-01,2.201547872449085771e-02,-1.798328439084451447e-01
9.759999999999999787e+00,2.099461392466889578e-02,-1.798374178160728198e-01,2.099792515621952058e-02,-1.798306677223260874e-01,2.099462539882282486e-02,-1.798375488883615925e-01,2.099462539882282486e-02,-1.798375488883615925e-01
9.779999999999999361e+00,1.997163926468969661e-02,-1.798223722754932474e-01,1.997498379614217126e-02,-1.798155496256322872e-01,1.997165665404397605e-02,-1.798225347355847381e-01,1.997165665404397605e-02,-1.798225347355847381e-01
9.800000000000000711e+00,1.894695736996123217e-02,-1.797876264215230169e-01,1.895033673139138314e-02,-1.797807322467753210e-01,1.894698052238427341e-02,-1.797878216346750768e-01,1.894698052238427341e-02,-1.797878216346750768e-01
9.820000000000000284e+00,1.792097448931418563e-02,-1.797332080967738166e-01,1.792439018624306449e-02,-1.797262434546536836e-01,1.792100323046874610e-02,-1.797334374446286076e-01,1.792100323046874610e-02,-1.797334374446286076e-01
9.839999999999999858e+00,1.689409493042444421e-02,-1.796591527623820073e-01,1.689754844338349493e-02,-1.796521187361712069e-01,1.689412906349871402e-02,-1.796594176422461608e-01,1.689412906349871402e-02,-1.796594176422461608e-01
9.859999999999999432e+00,1.586672092535151499e-02,-1.795655034390758187e-01,1.587021370945832649e-02,-1.795584011372975686e-01,1.586676023082135914e-02,-1.795658052631776691e-01,1.586676023082135914e-02,-1.795658052631776691e-01
9.880000000000000782e+00,1.483925249749927684e-02,-1.794523106459469108e-01,1.484278598204400758e-02,-1.794451412018342462e-01,1.483929673292139727e-02,-1.794526508406730780e-01,1.483929673292139727e-02,-1.794526508406730780e-01
9.900000000000000355e+00,1.381208733003879384e-02,-1.793196323369586342e-01,1.381566291808041490e-02,-1.793123969079155333e-01,1.381213622987736631e-02,-1.793200123420685410e-01,1.381213622987736631e-02,-1.793200123420685410e-01
9.919999999999999929e+00,1.278562063582941617e-02,-1.791675338352211877e-01,1.278923970380336020e-02,-1.791602336022787290e-01,1.278567391131547187e-02,-1.791679551030412876e-01,1.278567391131547187e-02,-1.791679551030412876e-01
9.939999999999999503e+00,1.176024502887722603e-02,-1.789960877650668136e-01,1.176390892621321724e-02,-1.789887239323330048e-01,1.176030236790421082e-02,-1.789965517596653066e-01,1.176030236790421082e-02,-1.789965517596653066e-01
9.960000000000000853e+00,1.073635039736589754e-02,-1.788053739819570054e-01,1.074006044611651618e-02,-1.787979477760616998e-01,1.073641146442127700e-02,-1.788058821782997909e-01,1.073641146442127700e-02,-1.788058821782997909e-01
9.980000000000000426e+00,9.714323778296811082e-03,-1.785954795002567541e-01,9.718081272776679658e-03,-1.785879921697910155e-01,9.714388214431230600e-03,-1.785960333833450375e-01,9.714388214431230600e-03,-1.785960333833450375e-01
1.000000000000000000e+01,8.694549233772282115e-03,-1.783664984189075875e-01,8.698355440208617451e-03,-1.783589512338580596e-01,8.694616656607227420e-03,-1.783670994828986667e-01,8.694616656607227420e-03,-1.783670994828986667e-01
