t,exact_real,exact_imag,sdp_real,sdp_imag,sdp_optimized_real,sdp_optimized_imag,positive_real,positive_imag
0.000000000000000000e+00,5.000000000000000000e+00,0.000000000000000000e+00,5.091728174022192910e+00,-6.383782391594650107e-16,5.091728174022192910e+00,-6.383782391594650107e-16,5.091728174022192910e+00,-6.383782391594650107e-16
2.000000000000000042e-02,4.975041631961802047e+00,0.000000000000000000e+00,5.058656023246151712e+00,-5.301319893945076706e-13,5.058656023246151712e+00,-5.301319893945076706e-13,5.058656023246151712e+00,-5.301319893945076706e-13
4.000000000000000083e-02,4.900664448882968927e+00,0.000000000000000000e+00,4.966012628868860190e+00,-9.419139594037147750e-13,4.966012628868860190e+00,-9.419139594037147750e-13,4.966012628868860190e+00,-9.419139594037147750e-13
5.999999999999999778e-02,4.778349801065261637e+00,0.000000000000000000e+00,4.822031521648394659e+00,-1.240277430150970168e-12,4.822031521648394659e+00,-1.240277430150970168e-12,4.822031521648394659e+00,-1.240277430150970168e-12
8.000000000000000167e-02,4.610525576177124663e+00,0.000000000000000000e+00,4.633358539607410620e+00,-1.430048476471628504e-12,4.633358539607410620e+00,-1.430048476471628504e-12,4.633358539607410620e+00,-1.430048476471628504e-12
1.000000000000000056e-01,4.400505857449335423e+00,0.000000000000000000e+00,4.405653796556983082e+00,-1.520395976349740012e-12,4.405653796556983082e+00,-1.520395976349740012e-12,4.405653796556983082e+00,-1.520395976349740012e-12
1.199999999999999956e-01,4.152408813060129766e+00,0.000000000000000000e+00,4.144055077183550040e+00,-1.521758925147318682e-12,4.144055077183550040e+00,-1.521758925147318682e-12,4.144055077183550040e+00,-1.521758925147318682e-12
1.400000000000000133e-01,3.871055099506103936e+00,0.000000000000000000e+00,3.853514496533266609e+00,-1.447059930446453868e-12,3.853514496533266609e+00,-1.447059930446453868e-12,3.853514496533266609e+00,-1.447059930446453868e-12
1.600000000000000033e-01,3.561849595385501388e+00,0.000000000000000000e+00,3.539022293792528195e+00,-1.309030113135788862e-12,3.539022293792528195e+00,-1.309030113135788862e-12,3.539022293792528195e+00,-1.309030113135788862e-12
1.799999999999999933e-01,3.230649731839807082e+00,0.000000000000000000e+00,3.205732943551404368e+00,-1.122073172158553109e-12,3.205732943551404368e+00,-1.122073172158553109e-12,3.205732943551404368e+00,-1.122073172158553109e-12
2.000000000000000111e-01,2.883624038784367016e+00,0.000000000000000000e+00,2.859009431832978176e+00,-9.006146467676427134e-13,2.859009431832978176e+00,-9.006146467676427134e-13,2.859009431832978176e+00,-9.006146467676427134e-13
2.200000000000000011e-01,2.527104771904835623e+00,0.000000000000000000e+00,2.504401633828887253e+00,-6.575969365095651095e-13,2.504401633828887253e+00,-6.575969365095651095e-13,2.504401633828887253e+00,-6.575969365095651095e-13
2.399999999999999911e-01,2.167438617424712888e+00,0.000000000000000000e+00,2.147574323796542117e+00,-4.065394321614212913e-13,2.147574323796542117e+00,-4.065394321614212913e-13,2.147574323796542117e+00,-4.065394321614212913e-13
2.600000000000000089e-01,1.810839486606071747e+00,0.000000000000000000e+00,1.794199525053408406e+00,-1.588096600327951238e-13,1.794199525053408406e+00,-1.588096600327951238e-13,1.794199525053408406e+00,-1.588096600327951238e-13
2.800000000000000266e-01,1.463247310186744921e+00,0.000000000000000000e+00,1.449826749608520648e+00,7.507453696612218490e-14,1.449826749608520648e+00,7.507453696612218490e-14,1.449826749608520648e+00,7.507453696612218490e-14
2.999999999999999889e-01,1.130196528419788571e+00,0.000000000000000000e+00,1.119743261209953156e+00,2.867046246825256416e-13,1.119743261209953156e+00,2.867046246825256416e-13,1.119743261209953156e+00,2.867046246825256416e-13
3.200000000000000067e-01,8.166976524390771042e-01,0.000000000000000000e+00,8.088348977297780129e-01,4.691897332488647739e-13,8.088348977297780129e-01,4.691897332488647739e-13,8.088348977297780129e-01,4.691897332488647739e-13
3.400000000000000244e-01,5.271348578867851575e-01,0.000000000000000000e+00,5.214562794734342033e-01,6.168265273911574331e-13,5.214562794734342033e-01,6.168265273911574331e-13,5.214562794734342033e-01,6.168265273911574331e-13
3.599999999999999867e-01,2.651820754941016101e-01,0.000000000000000000e+00,2.613174739532634350e-01,7.274015689062327358e-13,2.613174739532634350e-01,7.274015689062327358e-13,2.613174739532634350e-01,7.274015689062327358e-13
3.800000000000000044e-01,3.373948138613593745e-02,0.000000000000000000e+00,3.139244285886792080e-02,7.989125139630887463e-13,3.139244285886792080e-02,7.989125139630887463e-13,3.139244285886792080e-02,7.989125139630887463e-13
4.000000000000000222e-01,-1.651083200588727984e-01,0.000000000000000000e+00,-1.661470861726638271e-01,8.315083174949696031e-13,-1.661470861726638271e-01,8.315083174949696031e-13,-1.661470861726638271e-01,8.315083174949696031e-13
4.199999999999999845e-01,-3.301117669667766874e-01,0.000000000000000000e+00,-3.299702593556941288e-01,8.278334051427904419e-13,-3.299702593556941288e-01,8.278334051427904419e-13,-3.299702593556941288e-01,8.278334051427904419e-13
4.400000000000000022e-01,-4.608534589161060735e-01,0.000000000000000000e+00,-4.595976249753343512e-01,7.901493593428612810e-13,-4.595976249753343512e-01,7.901493593428612810e-13,-4.595976249753343512e-01,7.901493593428612810e-13
4.600000000000000200e-01,-5.577235567335754318e-01,0.000000000000000000e+00,-5.553842026399627985e-01,7.232223236326508092e-13,-5.553842026399627985e-01,7.232223236326508092e-13,-5.553842026399627985e-01,7.232223236326508092e-13
4.799999999999999822e-01,-6.218747043740787683e-01,0.000000000000000000e+00,-6.184768388343265810e-01,6.312682943807169570e-13,-6.184768388343265810e-01,6.312682943807169570e-13,-6.184768388343265810e-01,6.312682943807169570e-13
5.000000000000000000e-01,-6.551582751829305717e-01,0.000000000000000000e+00,-6.507484926044030393e-01,5.209278384582013429e-13,-6.507484926044030393e-01,5.209278384582013429e-13,-6.507484926044030393e-01,5.209278384582013429e-13
5.200000000000000178e-01,-6.600442420613884531e-01,0.000000000000000000e+00,-6.547127955073975825e-01,3.976438727146629149e-13,-6.547127955073975825e-01,3.976438727146629149e-13,-6.547127955073975825e-01,3.976438727146629149e-13
5.400000000000000355e-01,-6.395273903325672249e-01,0.000000000000000000e+00,-6.334227339360466447e-01,2.668523020017966045e-13,-6.334227339360466447e-01,2.668523020017966045e-13,-6.334227339360466447e-01,2.668523020017966045e-13
5.600000000000000533e-01,-5.970229219482275917e-01,0.000000000000000000e+00,-5.903576168298474425e-01,1.351088912593645367e-13,-5.903576168298474425e-01,1.351088912593645367e-13,-5.903576168298474425e-01,1.351088912593645367e-13
5.799999999999999600e-01,-5.362547315585216579e-01,0.000000000000000000e+00,-5.293026293547907768e-01,7.299516423571065825e-15,-5.293026293547907768e-01,7.299516423571065825e-15,-5.293026293547907768e-01,7.299516423571065825e-15
5.999999999999999778e-01,-4.611397635459428268e-01,0.000000000000000000e+00,-4.542252487366884584e-01,-1.115908847950176548e-13,-4.542252487366884584e-01,-1.115908847950176548e-13,-4.542252487366884584e-01,-1.115908847950176548e-13
6.199999999999999956e-01,-3.756718823761655002e-01,0.000000000000000000e+00,-3.691526302292765238e-01,-2.173663007908228303e-13,-3.691526302292765238e-01,-2.173663007908228303e-13,-3.691526302292765238e-01,-2.173663007908228303e-13
6.400000000000000133e-01,-2.838086078502863874e-01,0.000000000000000000e+00,-2.780537793243288980e-01,-3.069603304532476847e-13,-2.780537793243288980e-01,-3.069603304532476847e-13,-2.780537793243288980e-01,-3.069603304532476847e-13
6.600000000000000311e-01,-1.893638866069142224e-01,0.000000000000000000e+00,-1.847299321262932670e-01,-3.776562685394344655e-13,-1.847299321262932670e-01,-3.776562685394344655e-13,-1.847299321262932670e-01,-3.776562685394344655e-13
6.800000000000000488e-01,-9.590979912012585762e-02,0.000000000000000000e+00,-9.271609120743248833e-02,-4.282271042494383739e-13,-9.271609120743248833e-02,-4.282271042494383739e-13,-9.271609120743248833e-02,-4.282271042494383739e-13
7.000000000000000666e-01,-6.689747831922198892e-03,0.000000000000000000e+00,-5.196131033521630450e-03,-4.579514370699585782e-13,-5.196131033521630450e-03,-4.579514370699585782e-13,-5.196131033521630450e-03,-4.579514370699585782e-13
7.199999999999999734e-01,7.545475030884284118e-02,0.000000000000000000e+00,7.506668361494375774e-02,-4.671312193099994031e-13,7.506668361494375774e-02,-4.671312193099994031e-13,7.506668361494375774e-02,-4.671312193099994031e-13
7.399999999999999911e-01,1.481420200729608727e-01,0.000000000000000000e+00,1.457825107997813285e-01,-4.567898971639015697e-13,1.457825107997813285e-01,-4.567898971639015697e-13,1.457825107997813285e-01,-4.567898971639015697e-13
7.600000000000000089e-01,2.094918005215219703e-01,0.000000000000000000e+00,2.051704074063840921e-01,-4.287084715281868822e-13,2.051704074063840921e-01,-4.287084715281868822e-13,2.051704074063840921e-01,-4.287084715281868822e-13
7.800000000000000266e-01,2.581498368665336995e-01,0.000000000000000000e+00,2.519763676191655866e-01,-3.852970987206144041e-13,2.519763676191655866e-01,-3.852970987206144041e-13,2.519763676191655866e-01,-3.852970987206144041e-13
8.000000000000000444e-01,2.932954335673932378e-01,0.000000000000000000e+00,2.854743587732113674e-01,-3.291438282383482176e-13,2.854743587732113674e-01,-3.291438282383482176e-13,2.854743587732113674e-01,-3.291438282383482176e-13
8.200000000000000622e-01,3.146324361569280970e-01,0.000000000000000000e+00,3.054512786130441082e-01,-2.637461962992317942e-13,3.054512786130441082e-01,-2.637461962992317942e-13,3.054512786130441082e-01,-2.637461962992317942e-13
8.399999999999999689e-01,3.223646050914706906e-01,0.000000000000000000e+00,3.121771904310169932e-01,-1.920783769738239630e-13,3.121771904310169932e-01,-1.920783769738239630e-13,3.121771904310169932e-01,-1.920783769738239630e-13
8.599999999999999867e-01,3.171567959835820960e-01,0.000000000000000000e+00,3.063625598988905518e-01,-1.175830814209413885e-13,3.063625598988905518e-01,-1.175830814209413885e-13,3.063625598988905518e-01,-1.175830814209413885e-13
8.800000000000000044e-01,3.000837536814516815e-01,0.000000000000000000e+00,2.891045135026972246e-01,-4.348847017751423656e-14,2.891045135026972246e-01,-4.348847017751423656e-14,2.891045135026972246e-01,-4.348847017751423656e-14
9.000000000000000222e-01,2.725686517481392124e-01,0.000000000000000000e+00,2.618243594087653614e-01,2.702759797649957764e-14,2.618243594087653614e-01,2.702759797649957764e-14,2.618243594087653614e-01,2.702759797649957764e-14
9.200000000000000400e-01,2.363137553917928069e-01,0.000000000000000000e+00,2.261987555302003849e-01,9.159155570093098056e-14,2.261987555302003849e-01,9.159155570093098056e-14,2.261987555302003849e-01,9.159155570093098056e-14
9.400000000000000577e-01,1.932257489436397524e-01,0.000000000000000000e+00,1.840869767659098211e-01,1.479450216520104737e-13,1.840869767659098211e-01,1.479450216520104737e-13,1.840869767659098211e-01,1.479450216520104737e-13
9.599999999999999645e-01,1.453383455632142329e-01,0.000000000000000000e+00,1.374567259948093756e-01,1.939765359257137285e-13,1.374567259948093756e-01,1.939765359257137285e-13,1.374567259948093756e-01,1.939765359257137285e-13
9.799999999999999822e-01,9.473478684980617126e-02,0.000000000000000000e+00,8.831085533241407604e-02,2.284846410854858075e-13,8.831085533241407604e-02,2.284846410854858075e-13,8.831085533241407604e-02,2.284846410854858075e-13
1.000000000000000000e+00,4.347274616886141058e-02,0.000000000000000000e+00,3.861722089247582312e-02,2.509438456412757556e-13,3.861722089247582312e-02,2.509438456412757556e-13,3.861722089247582312e-02,2.509438456412757556e-13
1.020000000000000018e+00,-6.486022840905536317e-03,0.000000000000000000e+00,-9.756307257572940927e-03,2.610364215810269279e-13,-9.756307257572940927e-03,2.610364215810269279e-13,-9.756307257572940927e-03,2.610364215810269279e-13
1.040000000000000036e+00,-5.333919408557475511e-02,0.000000000000000000e+00,-5.509991000429660668e-02,2.590534143710026677e-13,-5.509991000429660668e-02,2.590534143710026677e-13,-5.509991000429660668e-02,2.590534143710026677e-13
1.060000000000000053e+00,-9.549873828827952493e-02,0.000000000000000000e+00,-9.591148187884146470e-02,2.457740450583445508e-13,-9.591148187884146470e-02,2.457740450583445508e-13,-9.591148187884146470e-02,2.457740450583445508e-13
1.080000000000000071e+00,-1.316357113877182072e-01,0.000000000000000000e+00,-1.309367386131792543e-01,2.224750860459048544e-13,-1.309367386131792543e-01,2.224750860459048544e-13,-1.309367386131792543e-01,2.224750860459048544e-13
1.100000000000000089e+00,-1.607139081424741878e-01,0.000000000000000000e+00,-1.591989617946801550e-01,1.908254126147304993e-13,-1.591989617946801550e-01,1.908254126147304993e-13,-1.591989617946801550e-01,1.908254126147304993e-13
1.120000000000000107e+00,-1.820117373791968196e-01,0.000000000000000000e+00,-1.800179284343111918e-01,1.524247124860593409e-13,-1.800179284343111918e-01,1.524247124860593409e-13,-1.800179284343111918e-01,1.524247124860593409e-13
1.140000000000000124e+00,-1.951320933464636143e-01,0.000000000000000000e+00,-1.930179287436483426e-01,1.094228271401116220e-13,-1.930179287436483426e-01,1.094228271401116220e-13,-1.930179287436483426e-01,1.094228271401116220e-13
1.159999999999999920e+00,-2.000004091549619778e-01,0.000000000000000000e+00,-1.981251205370982427e-01,6.382722595436863630e-14,-1.981251205370982427e-01,6.382722595436863630e-14,-1.981251205370982427e-01,6.382722595436863630e-14
1.179999999999999938e+00,-1.968514697181217576e-01,0.000000000000000000e+00,-1.955547937174353379e-01,1.778981053623645048e-14,-1.955547937174353379e-01,1.778981053623645048e-14,-1.955547937174353379e-01,1.778981053623645048e-14
1.199999999999999956e+00,-1.862059204088563347e-01,0.000000000000000000e+00,-1.857894143249379515e-01,-2.670334252916527639e-14,-1.857894143249379515e-01,-2.670334252916527639e-14,-1.857894143249379515e-01,-2.670334252916527639e-14
1.219999999999999973e+00,-1.688377227045573248e-01,0.000000000000000000e+00,-1.695485767022708590e-01,-6.779370403528404081e-14,-1.695485767022708590e-01,-6.779370403528404081e-14,-1.695485767022708590e-01,-6.779370403528404081e-14
1.239999999999999991e+00,-1.457340700666721056e-01,0.000000000000000000e+00,-1.477522077330081784e-01,-1.038510800389988489e-13,-1.477522077330081784e-01,-1.038510800389988489e-13,-1.477522077330081784e-01,-1.038510800389988489e-13
1.260000000000000009e+00,-1.180494789063177008e-01,0.000000000000000000e+00,-1.214785335264010752e-01,-1.336155181170038765e-13,-1.214785335264010752e-01,-1.336155181170038765e-13,-1.214785335264010752e-01,-1.336155181170038765e-13
1.280000000000000027e+00,-8.705590568562661391e-02,0.000000000000000000e+00,-9.191843255111610544e-02,-1.561451915999496552e-13,-9.191843255111610544e-02,-1.561451915999496552e-13,-9.191843255111610544e-02,-1.561451915999496552e-13
1.300000000000000044e+00,-5.409080932444475243e-02,0.000000000000000000e+00,-6.032785790358650979e-02,-1.705846178531426552e-13,-6.032785790358650979e-02,-1.705846178531426552e-13,-6.032785790358650979e-02,-1.705846178531426552e-13
1.320000000000000062e+00,-2.050507785210533077e-02,0.000000000000000000e+00,-2.798001465478388780e-02,-1.768413780677523713e-13,-2.798001465478388780e-02,-1.768413780677523713e-13,-2.798001465478388780e-02,-1.768413780677523713e-13
1.340000000000000080e+00,1.238732825672323422e-02,0.000000000000000000e+00,3.881072734048419872e-03,-1.748998928939803051e-13,3.881072734048419872e-03,-1.748998928939803051e-13,3.881072734048419872e-03,-1.748998928939803051e-13
1.360000000000000098e+00,4.335629209466040218e-02,0.000000000000000000e+00,3.408407024119598089e-02,-1.652310951189240553e-13,3.408407024119598089e-02,-1.652310951189240553e-13,3.408407024119598089e-02,-1.652310951189240553e-13
1.380000000000000115e+00,7.129747583938739197e-02,0.000000000000000000e+00,6.156953791991039843e-02,-1.485017864430185716e-13,6.156953791991039843e-02,-1.485017864430185716e-13,6.156953791991039843e-02,-1.485017864430185716e-13
1.400000000000000133e+00,9.526796764199528533e-02,0.000000000000000000e+00,8.542363426633130252e-02,-1.257490264299630253e-13,8.542363426633130252e-02,-1.257490264299630253e-13,8.542363426633130252e-02,-1.257490264299630253e-13
1.419999999999999929e+00,1.145146015494194203e-01,0.000000000000000000e+00,1.049053526957271221e-01,-9.817224928348352007e-14,1.049053526957271221e-01,-9.817224928348352007e-14,1.049053526957271221e-01,-9.817224928348352007e-14
1.439999999999999947e+00,1.284942094545678259e-01,0.000000000000000000e+00,1.194665720042060730e-01,-6.713370035130372024e-14,1.194665720042060730e-01,-6.713370035130372024e-14,1.194665720042060730e-01,-6.713370035130372024e-14
1.459999999999999964e+00,1.368853777037205288e-01,0.000000000000000000e+00,1.287644704879437330e-01,-3.414904427415899623e-14,1.287644704879437330e-01,-3.414904427415899623e-14,1.287644704879437330e-01,-3.414904427415899623e-14
1.479999999999999982e+00,1.395915994458169496e-01,0.000000000000000000e+00,1.326661292797385039e-01,-6.465029094900208724e-16,1.326661292797385039e-01,-6.465029094900208724e-16,1.326661292797385039e-01,-6.465029094900208724e-16
1.500000000000000000e+00,1.367360257423485270e-01,0.000000000000000000e+00,1.312454251037320774e-01,3.192590649915739358e-14,1.312454251037320774e-01,3.192590649915739358e-14,1.312454251037320774e-01,3.192590649915739358e-14
1.520000000000000018e+00,1.286483130697506638e-01,0.000000000000000000e+00,1.247725768735025581e-01,6.207929949588397831e-14,1.247725768735025581e-01,6.207929949588397831e-14,1.247725768735025581e-01,6.207929949588397831e-14
1.540000000000000036e+00,1.158443322436376738e-01,0.000000000000000000e+00,1.136969556700814232e-01,8.871165575648026665e-14,1.136969556700814232e-01,8.871165575648026665e-14,1.136969556700814232e-01,8.871165575648026665e-14
1.560000000000000053e+00,9.899973531132959248e-02,0.000000000000000000e+00,9.862398570036555456e-02,1.106917173220265329e-13,9.862398570036555456e-02,1.106917173220265329e-13,9.862398570036555456e-02,1.106917173220265329e-13
1.580000000000000071e+00,7.891856543568098736e-02,0.000000000000000000e+00,8.028714794326942406e-02,1.272756132649055907e-13,8.028714794326942406e-02,1.272756132649055907e-13,8.028714794326942406e-02,1.272756132649055907e-13
1.600000000000000089e+00,5.649823478831501877e-02,0.000000000000000000e+00,5.951624268362708248e-02,1.379178553615934126e-13,5.951624268362708248e-02,1.379178553615934126e-13,5.951624268362708248e-02,1.379178553615934126e-13
1.620000000000000107e+00,3.269228341162565971e-02,0.000000000000000000e+00,3.720316779194078605e-02,1.422561945701989948e-13,3.720316779194078605e-02,1.422561945701989948e-13,3.720316779194078605e-02,1.422561945701989948e-13
1.640000000000000124e+00,8.472366272107260607e-03,0.000000000000000000e+00,1.426652378204448096e-02,1.403189015881188437e-13,1.426652378204448096e-02,1.403189015881188437e-13,1.426652378204448096e-02,1.403189015881188437e-13
1.660000000000000142e+00,-1.520910335446247139e-02,0.000000000000000000e+00,-8.383636631171644329e-03,1.323205581504661665e-13,-8.383636631171644329e-03,1.323205581504661665e-13,-8.383636631171644329e-03,1.323205581504661665e-13
1.679999999999999938e+00,-3.745429622373129541e-02,0.000000000000000000e+00,-2.987963687521060646e-02,1.188122556710634287e-13,-2.987963687521060646e-02,1.188122556710634287e-13,-2.987963687521060646e-02,1.188122556710634287e-13
1.699999999999999956e+00,-5.745205456340048145e-02,0.000000000000000000e+00,-4.942738980051698122e-02,1.004350387129680144e-13,-4.942738980051698122e-02,1.004350387129680144e-13,-4.942738980051698122e-02,1.004350387129680144e-13
1.719999999999999973e+00,-7.450564284140560878e-02,0.000000000000000000e+00,-6.633392824278747102e-02,7.815881300268187219e-14,-6.633392824278747102e-02,7.815881300268187219e-14,-6.633392824278747102e-02,7.815881300268187219e-14
1.739999999999999991e+00,-8.805527355633170628e-02,0.000000000000000000e+00,-8.003034597301569852e-02,5.294511317253953140e-14,-8.003034597301569852e-02,5.294511317253953140e-14,-8.003034597301569852e-02,5.294511317253953140e-14
1.760000000000000009e+00,-9.769473983956382390e-02,0.000000000000000000e+00,-9.008943194918345165e-02,2.596550695565466059e-14,-9.008943194918345165e-02,2.596550695565466059e-14,-9.008943194918345165e-02,2.596550695565466059e-14
1.780000000000000027e+00,-1.031817246469274862e-01,0.000000000000000000e+00,-9.623749228927240551e-02,-1.603300845808378987e-15,-9.623749228927240551e-02,-1.603300845808378987e-15,-9.623749228927240551e-02,-1.603300845808378987e-15
1.800000000000000044e+00,-1.044416030489275643e-01,0.000000000000000000e+00,-9.836007957092597620e-02,-2.856051501920453061e-14,-9.836007957092597620e-02,-2.856051501920453061e-14,-9.836007957092597620e-02,-2.856051501920453061e-14
1.820000000000000062e+00,-1.015648003767250923e-01,0.000000000000000000e+00,-9.650157953831768609e-02,-5.384489126330330826e-14,-9.650157953831768609e-02,-5.384489126330330826e-14,-9.650157953831768609e-02,-5.384489126330330826e-14
1.840000000000000080e+00,-9.479800577813445039e-02,0.000000000000000000e+00,-9.085883260659348426e-02,-7.640073919787159097e-14,-9.085883260659348426e-02,-7.640073919787159097e-14,-9.085883260659348426e-02,-7.640073919787159097e-14
1.860000000000000098e+00,-8.452975969320682126e-02,0.000000000000000000e+00,-8.176918348700139283e-02,-9.537322587540974598e-14,-8.176918348700139283e-02,-9.537322587540974598e-14,-8.176918348700139283e-02,-9.537322587540974598e-14
1.880000000000000115e+00,-7.127112734786274217e-02,0.000000000000000000e+00,-6.969354913966237242e-02,-1.099773231411826866e-13,-6.969354913966237242e-02,-1.099773231411826866e-13,-6.969354913966237242e-02,-1.099773231411826866e-13
1.900000000000000133e+00,-5.563233218021532145e-02,0.000000000000000000e+00,-5.519526623793523379e-02,-1.196884907590105597e-13,-5.519526623793523379e-02,-1.196884907590105597e-13,-5.519526623793523379e-02,-1.196884907590105597e-13
1.919999999999999929e+00,-3.829634807513823680e-02,0.000000000000000000e+00,-3.891561859606195578e-02,-1.242835436607107678e-13,-3.891561859606195578e-02,-1.242835436607107678e-13,-3.891561859606195578e-02,-1.242835436607107678e-13
1.939999999999999947e+00,-1.999053378246707161e-02,0.000000000000000000e+00,-2.154704802370720207e-02,-1.235784263540278825e-13,-2.154704802370720207e-02,-1.235784263540278825e-13,-2.154704802370720207e-02,-1.235784263540278825e-13
1.959999999999999964e+00,-1.457434899696434831e-03,0.000000000000000000e+00,-3.805115688214133225e-03,-1.177213555015902438e-13,-3.805115688214133225e-03,-1.177213555015902438e-13,-3.805115688214133225e-03,-1.177213555015902438e-13
1.979999999999999982e+00,1.657412211306924857e-02,0.000000000000000000e+00,1.359969634542762193e-02,-1.070716671122360132e-13,1.359969634542762193e-02,-1.070716671122360132e-13,1.359969634542762193e-02,-1.070716671122360132e-13
2.000000000000000000e+00,3.341656208792510852e-02,0.000000000000000000e+00,2.998927225261757701e-02,-9.215353741979257479e-14,2.998927225261757701e-02,-9.215353741979257479e-14,2.998927225261757701e-02,-9.215353741979257479e-14
2.020000000000000018e+00,4.844871943430187344e-02,0.000000000000000000e+00,4.474322531934841335e-02,-7.364157732661165378e-14,4.474322531934841335e-02,-7.364157732661165378e-14,4.474322531934841335e-02,-7.364157732661165378e-14
2.040000000000000036e+00,6.113773932195536165e-02,0.000000000000000000e+00,5.732141857311229272e-02,-5.238251692119791488e-14,5.732141857311229272e-02,-5.238251692119791488e-14,5.732141857311229272e-02,-5.238251692119791488e-14
2.060000000000000053e+00,7.105698515226625822e-02,0.000000000000000000e+00,6.728285272997472366e-02,-2.928004193830315195e-14,6.728285272997472366e-02,-2.928004193830315195e-14,6.728285272997472366e-02,-2.928004193830315195e-14
2.080000000000000071e+00,7.789938594302764363e-02,0.000000000000000000e+00,7.430028571944675975e-02,-5.311915557589568207e-15,7.430028571944675975e-02,-5.311915557589568207e-15,7.430028571944675975e-02,-5.311915557589568207e-15
2.100000000000000089e+00,8.148584417328580409e-02,0.000000000000000000e+00,7.817012362850739304e-02,1.852577863196613060e-14,7.817012362850739304e-02,1.852577863196613060e-14,7.817012362850739304e-02,1.852577863196613060e-14
2.120000000000000107e+00,8.176852086861229052e-02,0.000000000000000000e+00,7.881731237166310355e-02,4.124030452216750419e-14,7.881731237166310355e-02,4.124030452216750419e-14,7.881731237166310355e-02,4.124030452216750419e-14
2.140000000000000124e+00,7.882901271241557484e-02,0.000000000000000000e+00,7.629515534845356106e-02,6.193407107336612157e-14,7.629515534845356106e-02,6.193407107336612157e-14,7.629515534845356106e-02,6.193407107336612157e-14
2.160000000000000142e+00,7.287162831992387291e-02,0.000000000000000000e+00,7.078017727237223555e-02,7.979761867981193970e-14,7.078017727237223555e-02,7.979761867981193970e-14,7.078017727237223555e-02,7.979761867981193970e-14
2.180000000000000160e+00,6.421215046997688636e-02,0.000000000000000000e+00,6.256234088684470285e-02,9.412206269049277929e-14,6.256234088684470285e-02,9.412206269049277929e-14,6.256234088684470285e-02,9.412206269049277929e-14
2.200000000000000178e+00,5.326263165629616797e-02,0.000000000000000000e+00,5.203109450406164654e-02,1.044272472411663528e-13,5.203109450406164654e-02,1.044272472411663528e-13,5.203109450406164654e-02,1.044272472411663528e-13
2.220000000000000195e+00,4.051290625647971377e-02,0.000000000000000000e+00,3.965787798472932002e-02,1.103268177551374365e-13,3.965787798472932002e-02,1.103268177551374365e-13,3.965787798472932002e-02,1.103268177551374365e-13
2.240000000000000213e+00,2.650960943303215522e-02,0.000000000000000000e+00,2.597583761529240198e-02,1.116617030835297584e-13,2.597583761529240198e-02,1.116617030835297584e-13,2.597583761529240198e-02,1.116617030835297584e-13
2.260000000000000231e+00,1.183356727633613943e-02,0.000000000000000000e+00,1.155759213649902410e-02,1.084484395475058991e-13,1.155759213649902410e-02,1.084484395475058991e-13,1.155759213649902410e-02,1.084484395475058991e-13
2.280000000000000249e+00,-2.923537338662737534e-03,0.000000000000000000e+00,-3.008050012316581309e-03,1.008783049130848870e-13,-3.008050012316581309e-03,1.008783049130848870e-13,-3.008050012316581309e-03,1.008783049130848870e-13
2.300000000000000266e+00,-1.718231386247923154e-02,0.000000000000000000e+00,-1.713949994572276994e-02,8.933602969641378106e-14,-1.713949994572276994e-02,8.933602969641378106e-14,-1.713949994572276994e-02,8.933602969641378106e-14
2.319999999999999840e+00,-3.039774844594294104e-02,0.000000000000000000e+00,-3.028501537290202369e-02,7.435275659950851667e-14,-3.028501537290202369e-02,7.435275659950851667e-14,-3.028501537290202369e-02,7.435275659950851667e-14
2.339999999999999858e+00,-4.207940603724509565e-02,0.000000000000000000e+00,-4.194368494108865336e-02,5.657713073573122066e-14,-4.194368494108865336e-02,5.657713073573122066e-14,-4.194368494108865336e-02,5.657713073573122066e-14
2.359999999999999876e+00,-5.180902425962250618e-02,0.000000000000000000e+00,-5.168398979795189169e-02,3.676824792951721301e-14,-5.168398979795189169e-02,3.676824792951721301e-14,-5.168398979795189169e-02,3.676824792951721301e-14
2.379999999999999893e+00,-5.925489003695768447e-02,0.000000000000000000e+00,-5.915927121151906554e-02,1.576967017014276774e-14,-5.915927121151906554e-02,1.576967017014276774e-14,-5.915927121151906554e-02,1.576967017014276774e-14
2.399999999999999911e+00,-6.418252715963387867e-02,0.000000000000000000e+00,-6.411956583738565030e-02,-5.568572510054716993e-15,-6.411956583738565030e-02,-5.568572510054716993e-15,-6.411956583738565030e-02,-5.568572510054716993e-15
2.419999999999999929e+00,-6.646137488057386744e-02,0.000000000000000000e+00,-6.641942127357947090e-02,-2.637572162750341209e-14,-6.641942127357947090e-02,-2.637572162750341209e-14,-6.641942127357947090e-02,-2.637572162750341209e-14
2.439999999999999947e+00,-6.606729813092179771e-02,0.000000000000000000e+00,-6.602146775243758481e-02,-4.582810546440977263e-14,-6.602146775243758481e-02,-4.582810546440977263e-14,-6.602146775243758481e-02,-4.582810546440977263e-14
2.459999999999999964e+00,-6.308093278549407878e-02,0.000000000000000000e+00,-6.299569067930457789e-02,-6.316368459202940469e-14,-6.299569067930457789e-02,-6.316368459202940469e-14,-6.299569067930457789e-02,-6.316368459202940469e-14
2.479999999999999982e+00,-5.768202837782395592e-02,0.000000000000000000e+00,-5.751451662351127203e-02,-7.771173074515909211e-14,-5.751451662351127203e-02,-7.771173074515909211e-14,-5.751451662351127203e-02,-7.771173074515909211e-14
2.500000000000000000e+00,-5.014009983211592525e-02,0.000000000000000000e+00,-4.984398582918282694e-02,-8.895169073892934288e-14,-4.984398582918282694e-02,-8.895169073892934288e-14,-4.984398582918282694e-02,-8.895169073892934288e-14
2.520000000000000018e+00,-4.080183371138598053e-02,0.000000000000000000e+00,-4.033143126805435741e-02,-9.646031672892835900e-14,-4.033143126805435741e-02,-9.646031672892835900e-14,-4.033143126805435741e-02,-9.646031672892835900e-14
2.540000000000000036e+00,-3.007580843597058504e-02,0.000000000000000000e+00,-2.939021225297618403e-02,-1.000084679581669138e-13,-2.939021225297618403e-02,-1.000084679581669138e-13,-2.939021225297618403e-02,-1.000084679581669138e-13
2.560000000000000053e+00,-1.841517801886221814e-02,0.000000000000000000e+00,-1.748215504256383362e-02,-9.951098861277057466e-14,-1.748215504256383362e-02,-9.951098861277057466e-14,-1.748215504256383362e-02,-9.951098861277057466e-14
2.580000000000000071e+00,-6.299032193000772897e-03,0.000000000000000000e+00,-5.098430057891649089e-03,-9.504086129628528327e-14,-5.098430057891649089e-03,-9.504086129628528327e-14,-5.098430057891649089e-03,-9.504086129628528327e-14
2.600000000000000089e+00,5.786819456506141386e-03,0.000000000000000000e+00,7.260357220348931211e-03,-8.684164501644335697e-14,7.260357220348931211e-03,-8.684164501644335697e-14,7.260357220348931211e-03,-8.684164501644335697e-14
2.620000000000000107e+00,1.736888630169058229e-02,0.000000000000000000e+00,1.910406822784784311e-02,-7.530098774929031441e-14,1.910406822784784311e-02,-7.530098774929031441e-14,1.910406822784784311e-02,-7.530098774929031441e-14
2.640000000000000124e+00,2.800412880753681139e-02,0.000000000000000000e+00,2.997214751035893673e-02,-6.091354373294446464e-14,2.997214751035893673e-02,-6.091354373294446464e-14,2.997214751035893673e-02,-6.091354373294446464e-14
2.660000000000000142e+00,3.729650519251191676e-02,0.000000000000000000e+00,3.945121932717231966e-02,-4.431590565603882282e-14,3.945121932717231966e-02,-4.431590565603882282e-14,3.945121932717231966e-02,-4.431590565603882282e-14
2.680000000000000160e+00,4.491132948814569037e-02,0.000000000000000000e+00,4.719050349951674911e-02,-2.619836953746215069e-14,4.719050349951674911e-02,-2.619836953746215069e-14,4.719050349951674911e-02,-2.619836953746215069e-14
2.700000000000000178e+00,5.058693500685471772e-02,0.000000000000000000e+00,5.291448647362956975e-02,-7.294392067978404510e-15,5.291448647362956975e-02,-7.294392067978404510e-15,5.291448647362956975e-02,-7.294392067978404510e-15
2.720000000000000195e+00,5.414325167089336505e-02,0.000000000000000000e+00,5.643240099286335465e-02,1.162186952934468194e-14,5.643240099286335465e-02,1.162186952934468194e-14,5.643240099286335465e-02,1.162186952934468194e-14
2.740000000000000213e+00,5.548703268412943229e-02,0.000000000000000000e+00,5.764420056660615743e-02,2.980262077584678120e-14,5.764420056660615743e-02,2.980262077584678120e-14,5.764420056660615743e-02,2.980262077584678120e-14
2.760000000000000231e+00,5.461360053506722489e-02,0.000000000000000000e+00,5.654285764794517860e-02,4.652862887493411109e-14,5.654285764794517860e-02,4.652862887493411109e-14,5.654285764794517860e-02,4.652862887493411109e-14
2.780000000000000249e+00,5.160511901464365919e-02,0.000000000000000000e+00,5.321296135218180762e-02,6.116281288741870025e-14,5.321296135218180762e-02,6.116281288741870025e-14,5.321296135218180762e-02,6.116281288741870025e-14
2.800000000000000266e+00,4.662553154824766732e-02,0.000000000000000000e+00,4.782573586119520659e-02,7.315751497412398664e-14,4.782573586119520659e-02,7.315751497412398664e-14,4.782573586119520659e-02,7.315751497412398664e-14
2.819999999999999840e+00,3.991243163213390593e-02,0.000000000000000000e+00,4.063073871962275679e-02,8.206894093229962162e-14,4.063073871962275679e-02,8.206894093229962162e-14,4.063073871962275679e-02,8.206894093229962162e-14
2.839999999999999858e+00,3.176624389291384659e-02,0.000000000000000000e+00,3.194462376942846377e-02,8.760151176584670208e-14,3.194462376942846377e-02,8.760151176584670208e-14,3.194462376942846377e-02,8.760151176584670208e-14
2.859999999999999876e+00,2.253719019554718470e-02,0.000000000000000000e+00,2.213746179682870435e-02,8.957246027229595521e-14,2.213746179682870435e-02,8.957246027229595521e-14,2.213746179682870435e-02,8.957246027229595521e-14
2.879999999999999893e+00,1.261059097153448445e-02,0.000000000000000000e+00,1.161719913636868537e-02,8.795555738077505251e-14,1.161719913636868537e-02,8.795555738077505251e-14,1.161719913636868537e-02,8.795555738077505251e-14
2.899999999999999911e+00,2.391105020436243983e-03,0.000000000000000000e+00,8.128974391580781004e-04,8.288540831872355432e-14,8.128974391580781004e-04,8.288540831872355432e-14,8.128974391580781004e-04,8.288540831872355432e-14
2.919999999999999929e+00,-7.713460136055918376e-03,0.000000000000000000e+00,-9.842565490032251924e-03,7.460569244109892384e-14,-9.842565490032251924e-03,7.460569244109892384e-14,-9.842565490032251924e-03,7.460569244109892384e-14
2.939999999999999947e+00,-1.730813133054882880e-02,0.000000000000000000e+00,-1.992964444437305555e-02,6.349882335713930443e-14,-1.992964444437305555e-02,6.349882335713930443e-14,-1.992964444437305555e-02,6.349882335713930443e-14
2.959999999999999964e+00,-2.602593085993368249e-02,0.000000000000000000e+00,-2.905845354830104491e-02,5.003734502973647052e-14,-2.905845354830104491e-02,5.003734502973647052e-14,-2.905845354830104491e-02,5.003734502973647052e-14
2.979999999999999982e+00,-3.354164414587484239e-02,0.000000000000000000e+00,-3.688364312601378342e-02,3.479529435198966876e-14,-3.688364312601378342e-02,3.479529435198966876e-14,-3.688364312601378342e-02,3.479529435198966876e-14
3.000000000000000000e+00,-3.958368753887434727e-02,0.000000000000000000e+00,-4.311726649635271719e-02,1.840491685958540377e-14,-4.311726649635271719e-02,1.840491685958540377e-14,-4.311726649635271719e-02,1.840491685958540377e-14
3.020000000000000018e+00,-4.394365319524216884e-02,0.000000000000000000e+00,-4.753916495340068660e-02,1.525852543682668621e-15,-4.753916495340068660e-02,1.525852543682668621e-15,-4.753916495340068660e-02,1.525852543682668621e-15
3.040000000000000036e+00,-4.648320600503745570e-02,0.000000000000000000e+00,-5.000450467798912835e-02,-1.515358874833867117e-14,-5.000450467798912835e-02,-1.515358874833867117e-14,-5.000450467798912835e-02,-1.515358874833867117e-14
3.060000000000000053e+00,-4.713811626431679142e-02,0.000000000000000000e+00,-5.044821741223435435e-02,-3.098599949454873124e-14,-5.044821741223435435e-02,-3.098599949454873124e-14,-5.044821741223435435e-02,-3.098599949454873124e-14
3.080000000000000071e+00,-4.591932678635122361e-02,0.000000000000000000e+00,-4.888622257909771424e-02,-4.535799600454100816e-14,-4.888622257909771424e-02,-4.535799600454100816e-14,-4.888622257909771424e-02,-4.535799600454100816e-14
3.100000000000000089e+00,-4.291106989235941166e-02,0.000000000000000000e+00,-4.541343707846347277e-02,-5.771670731899531814e-14,-4.541343707846347277e-02,-5.771670731899531814e-14,-4.541343707846347277e-02,-5.771670731899531814e-14
3.120000000000000107e+00,-3.826616368694773368e-02,0.000000000000000000e+00,-4.019870515382579362e-02,-6.760691269754794797e-14,-4.019870515382579362e-02,-6.760691269754794797e-14,-4.019870515382579362e-02,-6.760691269754794797e-14
3.140000000000000124e+00,-3.219872386972652545e-02,0.000000000000000000e+00,-3.347689958926674397e-02,-7.468126569668231564e-14,-3.347689958926674397e-02,-7.468126569668231564e-14,-3.347689958926674397e-02,-7.468126569668231564e-14
3.160000000000000142e+00,-2.497462307683072369e-02,0.000000000000000000e+00,-2.553855252093557154e-02,-7.868786105463108254e-14,-2.553855252093557154e-02,-7.868786105463108254e-14,-2.553855252093557154e-02,-7.868786105463108254e-14
3.180000000000000160e+00,-1.690011089668945130e-02,0.000000000000000000e+00,-1.671746532492751625e-02,-7.955067010623283590e-14,-1.671746532492751625e-02,-7.955067010623283590e-14,-1.671746532492751625e-02,-7.955067010623283590e-14
3.200000000000000178e+00,-8.309071398720356549e-03,0.000000000000000000e+00,-7.376819055229587134e-03,-7.723841783697741485e-14,-7.376819055229587134e-03,-7.723841783697741485e-14,-7.376819055229587134e-03,-7.723841783697741485e-14
3.220000000000000195e+00,4.505608909336892057e-04,0.000000000000000000e+00,2.105642762007051659e-03,-7.190824525289413993e-14,2.105642762007051659e-03,-7.190824525289413993e-14,2.105642762007051659e-03,-7.190824525289413993e-14
3.240000000000000213e+00,9.030682486862656039e-03,0.000000000000000000e+00,1.135276013994318371e-02,-6.382738143105956400e-14,1.135276013994318371e-02,-6.382738143105956400e-14,1.135276013994318371e-02,-6.382738143105956400e-14
3.260000000000000231e+00,1.709665416042283753e-02,0.000000000000000000e+00,2.000282956058902287e-02,-5.334871932985761038e-14,2.000282956058902287e-02,-5.334871932985761038e-14,2.000282956058902287e-02,-5.334871932985761038e-14
3.280000000000000249e+00,2.434015960096145084e-02,0.000000000000000000e+00,2.772362259535408879e-02,-4.092369027561898418e-14,2.772362259535408879e-02,-4.092369027561898418e-14,2.772362259535408879e-02,-4.092369027561898418e-14
3.300000000000000266e+00,3.049080276215684199e-02,0.000000000000000000e+00,3.422501216260994544e-02,-2.707548505286803655e-14,3.422501216260994544e-02,-2.707548505286803655e-14,3.422501216260994544e-02,-2.707548505286803655e-14
3.320000000000000284e+00,3.532601480239392494e-02,0.000000000000000000e+00,3.926973199101443934e-02,-1.236183053077902919e-14,3.926973199101443934e-02,-1.236183053077902919e-14,3.926973199101443934e-02,-1.236183053077902919e-14
3.339999999999999858e+00,3.867891480879593474e-02,0.000000000000000000e+00,4.268187609731937532e-02,2.608080033265594206e-15,4.268187609731937532e-02,2.608080033265594206e-15,4.268187609731937532e-02,2.608080033265594206e-15
3.359999999999999876e+00,4.044385428458024956e-02,0.000000000000000000e+00,4.435284046571762867e-02,1.724713024375862070e-14,4.435284046571762867e-02,1.724713024375862070e-14,4.435284046571762867e-02,1.724713024375862070e-14
3.379999999999999893e+00,4.057947014655204077e-02,0.000000000000000000e+00,4.424451465429983521e-02,3.098262822103814198e-14,4.424451465429983521e-02,3.098262822103814198e-14,4.424451465429983521e-02,3.098262822103814198e-14
3.399999999999999911e+00,3.910917090497512127e-02,0.000000000000000000e+00,4.238964243958229933e-02,4.328476981423951907e-14,4.238964243958229933e-02,4.328476981423951907e-14,4.238964243958229933e-02,4.328476981423951907e-14
3.419999999999999929e+00,3.611908182795833117e-02,0.000000000000000000e+00,3.888938336862150791e-02,5.368882354316910980e-14,3.888938336862150791e-02,5.368882354316910980e-14,3.888938336862150791e-02,5.368882354316910980e-14
3.439999999999999947e+00,3.175357329271762119e-02,0.000000000000000000e+00,3.390821676426022946e-02,6.182153763374287163e-14,3.390821676426022946e-02,6.182153763374287163e-14,3.390821676426022946e-02,6.182153763374287163e-14
3.459999999999999964e+00,2.620858843327387652e-02,0.000000000000000000e+00,2.766643205954594231e-02,6.738382635457035057e-14,2.766643205954594231e-02,6.738382635457035057e-14,2.766643205954594231e-02,6.738382635457035057e-14
3.479999999999999982e+00,1.972306815810375910e-02,0.000000000000000000e+00,2.043054041650623279e-02,7.021112323091314702e-14,2.043054041650623279e-02,7.021112323091314702e-14,2.043054041650623279e-02,7.021112323091314702e-14
3.500000000000000000e+00,1.256884062275014612e-02,0.000000000000000000e+00,1.250201901139149502e-02,7.021902709354800564e-14,1.250201901139149502e-02,7.021902709354800564e-14,1.250201901139149502e-02,7.021902709354800564e-14
3.520000000000000018e+00,5.039395842189572754e-03,0.000000000000000000e+00,4.204858372924558108e-03,6.745790331546580667e-14,4.204858372924558108e-03,6.745790331546580667e-14,4.204858372924558108e-03,6.745790331546580667e-14
3.540000000000000036e+00,-2.561997507470513847e-03,0.000000000000000000e+00,-4.127577298869445147e-03,6.208712075958754375e-14,-4.127577298869445147e-03,6.208712075958754375e-14,-4.127577298869445147e-03,6.208712075958754375e-14
3.560000000000000053e+00,-9.934358045718121033e-03,0.000000000000000000e+00,-1.216584807088495063e-02,5.434444053597149314e-14,-1.216584807088495063e-02,5.434444053597149314e-14,-1.216584807088495063e-02,5.434444053597149314e-14
3.580000000000000071e+00,-1.679076610853524887e-02,0.000000000000000000e+00,-1.959736798995984422e-02,4.458661296854027128e-14,-1.959736798995984422e-02,4.458661296854027128e-14,-1.959736798995984422e-02,4.458661296854027128e-14
3.600000000000000089e+00,-2.286939152401363043e-02,0.000000000000000000e+00,-2.613846305522683766e-02,3.321243531243175191e-14,-2.613846305522683766e-02,3.321243531243175191e-14,-2.613846305522683766e-02,3.321243531243175191e-14
3.620000000000000107e+00,-2.794335620295684136e-02,0.000000000000000000e+00,-3.154509635262741502e-02,2.071628227273894817e-14,-3.154509635262741502e-02,2.071628227273894817e-14,-3.154509635262741502e-02,2.071628227273894817e-14
3.640000000000000124e+00,-3.182906526100771211e-02,0.000000000000000000e+00,-3.562185914376040513e-02,7.586681235372221874e-15,-3.562185914376040513e-02,7.586681235372221874e-15,-3.562185914376040513e-02,7.586681235372221874e-15
3.660000000000000142e+00,-3.439270605247428392e-02,0.000000000000000000e+00,-3.822890142544498743e-02,-5.634185836769536605e-15,-3.822890142544498743e-02,-5.634185836769536605e-15,-3.822890142544498743e-02,-5.634185836769536605e-15
3.680000000000000160e+00,-3.555469080438615481e-02,0.000000000000000000e+00,-3.928656185764458492e-02,-1.842809848630984130e-14,-3.928656185764458492e-02,-1.842809848630984130e-14,-3.928656185764458492e-02,-1.842809848630984130e-14
3.700000000000000178e+00,-3.529190236047472645e-02,0.000000000000000000e+00,-3.877755141001593131e-02,-3.029622446988571679e-14,-3.877755141001593131e-02,-3.029622446988571679e-14,-3.877755141001593131e-02,-3.029622446988571679e-14
3.720000000000000195e+00,-3.363769050442706049e-02,0.000000000000000000e+00,-3.674664375506277864e-02,-4.078692237380059862e-14,-3.674664375506277864e-02,-4.078692237380059862e-14,-3.674664375506277864e-02,-4.078692237380059862e-14
3.740000000000000213e+00,-3.067965494751504971e-02,0.000000000000000000e+00,-3.329792438744705318e-02,-4.950655232294282762e-14,-3.329792438744705318e-02,-4.950655232294282762e-14,-3.329792438744705318e-02,-4.950655232294282762e-14
3.760000000000000231e+00,-2.655533688343376941e-02,0.000000000000000000e+00,-2.858974577526314856e-02,-5.614667255753905574e-14,-2.858974577526314856e-02,-5.614667255753905574e-14,-2.858974577526314856e-02,-5.614667255753905574e-14
3.780000000000000249e+00,-2.144602074040867848e-02,0.000000000000000000e+00,-2.282762385547195197e-02,-6.046307279455948909e-14,-2.282762385547195197e-02,-6.046307279455948909e-14,-2.282762385547195197e-02,-6.046307279455948909e-14
3.800000000000000266e+00,-1.556891839151579478e-02,0.000000000000000000e+00,-1.625538852447362681e-02,-6.232861468570994056e-14,-1.625538852447362681e-02,-6.232861468570994056e-14,-1.625538852447362681e-02,-6.232861468570994056e-14
3.820000000000000284e+00,-9.168067011631792981e-03,0.000000000000000000e+00,-9.144964571170272755e-03,-6.171727836964297772e-14,-9.144964571170272755e-03,-6.171727836964297772e-14,-9.144964571170272755e-03,-6.171727836964297772e-14
3.839999999999999858e+00,-2.504316880259829792e-03,0.000000000000000000e+00,-1.785207457706493393e-03,-5.867733688267767989e-14,-1.785207457706493393e-03,-5.867733688267767989e-14,-1.785207457706493393e-03,-5.867733688267767989e-14
3.859999999999999876e+00,4.155184821287305659e-03,0.000000000000000000e+00,5.529751164008922179e-03,-5.337439925984921145e-14,5.529751164008922179e-03,-5.337439925984921145e-14,5.529751164008922179e-03,-5.337439925984921145e-14
3.879999999999999893e+00,1.054759470730406122e-02,0.000000000000000000e+00,1.251218122646866396e-02,-4.604771984081702991e-14,1.251218122646866396e-02,-4.604771984081702991e-14,1.251218122646866396e-02,-4.604771984081702991e-14
3.899999999999999911e+00,1.642464197145883029e-02,0.000000000000000000e+00,1.889199483378459568e-02,-3.702669473943297910e-14,1.889199483378459568e-02,-3.702669473943297910e-14,1.889199483378459568e-02,-3.702669473943297910e-14
3.919999999999999929e+00,2.156216814758179362e-02,0.000000000000000000e+00,2.442711371104952164e-02,-2.669031816122463135e-14,2.442711371104952164e-02,-2.669031816122463135e-14,2.442711371104952164e-02,-2.669031816122463135e-14
3.939999999999999947e+00,2.576857524009478623e-02,0.000000000000000000e+00,2.891256887093428610e-02,-1.545635688119322226e-14,2.891256887093428610e-02,-1.545635688119322226e-14,2.891256887093428610e-02,-1.545635688119322226e-14
3.959999999999999964e+00,2.889186775211921923e-02,0.000000000000000000e+00,3.218799404568178923e-02,-3.791705312668501372e-15,3.218799404568178923e-02,-3.791705312668501372e-15,3.218799404568178923e-02,-3.791705312668501372e-15
3.979999999999999982e+00,3.082503383161695060e-02,0.000000000000000000e+00,3.414324306441201412e-02,7.841765432106890155e-15,3.414324306441201412e-02,7.841765432106890155e-15,3.414324306441201412e-02,7.841765432106890155e-15
4.000000000000000000e+00,3.150957950939625024e-02,0.000000000000000000e+00,3.472193952684848178e-02,1.898020040088806507e-14,3.472193952684848178e-02,1.898020040088806507e-14,3.472193952684848178e-02,1.898020040088806507e-14
4.020000000000000462e+00,3.093710500549020845e-02,0.000000000000000000e+00,3.392285160619439022e-02,2.920128079728561889e-14,3.392285160619439022e-02,2.920128079728561889e-14,3.392285160619439022e-02,2.920128079728561889e-14
4.040000000000000036e+00,2.914889031788342813e-02,0.000000000000000000e+00,3.179907217955853238e-02,3.810990930642914239e-14,3.179907217955853238e-02,3.810990930642914239e-14,3.179907217955853238e-02,3.810990930642914239e-14
4.060000000000000497e+00,2.623353568288040380e-02,0.000000000000000000e+00,2.845507124827119372e-02,4.537575599001671152e-14,2.845507124827119372e-02,4.537575599001671152e-14,2.845507124827119372e-02,4.537575599001671152e-14
4.080000000000000071e+00,2.232277795167047357e-02,0.000000000000000000e+00,2.404177036560530695e-02,5.074359350748753326e-14,2.404177036560530695e-02,5.074359350748753326e-14,2.404177036560530695e-02,5.074359350748753326e-14
4.099999999999999645e+00,1.758567356219007186e-02,0.000000000000000000e+00,1.874986434042815939e-02,5.402383196251054444e-14,1.874986434042815939e-02,5.402383196251054444e-14,1.874986434042815939e-02,5.402383196251054444e-14
4.120000000000000107e+00,1.222139996642439795e-02,0.000000000000000000e+00,1.280168097086265347e-02,5.513425983218788906e-14,1.280168097086265347e-02,5.513425983218788906e-14,1.280168097086265347e-02,5.513425983218788906e-14
4.139999999999999680e+00,6.450977834387769047e-03,0.000000000000000000e+00,6.441922562267428029e-03,5.404697249588579993e-14,6.441922562267428029e-03,5.404697249588579993e-14,6.441922562267428029e-03,5.404697249588579993e-14
4.160000000000000142e+00,5.082542802785620538e-04,0.000000000000000000e+00,-7.232839129150065501e-05,5.084956420367511552e-14,-7.232839129150065501e-05,5.084956420367511552e-14,-7.232839129150065501e-05,5.084956420367511552e-14
4.179999999999999716e+00,-5.369488559388268731e-03,0.000000000000000000e+00,-6.481934027646528255e-03,4.569988635269673070e-14,-6.481934027646528255e-03,4.569988635269673070e-14,-6.481934027646528255e-03,4.569988635269673070e-14
4.200000000000000178e+00,-1.095092576711601332e-02,0.000000000000000000e+00,-1.253594447598088517e-02,3.882961295853344184e-14,-1.253594447598088517e-02,3.882961295853344184e-14,-1.253594447598088517e-02,3.882961295853344184e-14
4.219999999999999751e+00,-1.601971413026514329e-02,0.000000000000000000e+00,-1.800135749312229902e-02,3.053936629860695266e-14,-1.800135749312229902e-02,3.053936629860695266e-14,-1.800135749312229902e-02,3.053936629860695266e-14
4.240000000000000213e+00,-2.038279989186750699e-02,0.000000000000000000e+00,-2.267201750651640785e-02,2.117374159898977023e-14,-2.267201750651640785e-02,2.117374159898977023e-14,-2.267201750651640785e-02,2.117374159898977023e-14
4.259999999999999787e+00,-2.387769376007146949e-02,0.000000000000000000e+00,-2.637631702888372856e-02,1.112439549856404744e-14,-2.637631702888372856e-02,1.112439549856404744e-14,-2.637631702888372856e-02,1.112439549856404744e-14
4.280000000000000249e+00,-2.637844204837964945e-02,0.000000000000000000e+00,-2.898341589179309272e-02,7.901134141495162495e-16,-2.898341589179309272e-02,7.901134141495162495e-16,-2.898341589179309272e-02,7.901134141495162495e-16
4.299999999999999822e+00,-2.780007768589380646e-02,0.000000000000000000e+00,-3.040775660855167192e-02,-9.407537833324196171e-15,-3.040775660855167192e-02,-9.407537833324196171e-15,-3.040775660855167192e-02,-9.407537833324196171e-15
4.320000000000000284e+00,-2.810139741215314166e-02,0.000000000000000000e+00,-3.061172478182755743e-02,-1.907633547634844126e-14,-3.061172478182755743e-02,-1.907633547634844126e-14,-3.061172478182755743e-02,-1.907633547634844126e-14
4.339999999999999858e+00,-2.728597920457717305e-02,0.000000000000000000e+00,-2.960637891575704228e-02,-2.784249063499962926e-14,-2.960637891575704228e-02,-2.784249063499962926e-14,-2.960637891575704228e-02,-2.784249063499962926e-14
4.360000000000000320e+00,-2.540142416095557409e-02,0.000000000000000000e+00,-2.745025122861020558e-02,-3.537667595582801950e-14,-2.745025122861020558e-02,-3.537667595582801950e-14,-2.745025122861020558e-02,-3.537667595582801950e-14
4.379999999999999893e+00,-2.253687689888202866e-02,0.000000000000000000e+00,-2.424629702039321835e-02,-4.139395261308215605e-14,-2.424629702039321835e-02,-4.139395261308215605e-14,-2.424629702039321835e-02,-4.139395261308215605e-14
4.400000000000000355e+00,-1.881894531273388405e-02,0.000000000000000000e+00,-2.013714185869346432e-02,-4.569204570179522635e-14,-2.013714185869346432e-02,-4.569204570179522635e-14,-2.013714185869346432e-02,-4.569204570179522635e-14
4.419999999999999929e+00,-1.440620167669578316e-02,0.000000000000000000e+00,-1.529884054834503883e-02,-4.811881080503623996e-14,-1.529884054834503883e-02,-4.811881080503623996e-14,-1.529884054834503883e-02,-4.811881080503623996e-14
4.440000000000000391e+00,-9.482500283236952598e-03,0.000000000000000000e+00,-9.933417108074722723e-03,-4.861283333087273271e-14,-9.933417108074722723e-03,-4.861283333087273271e-14,-9.933417108074722723e-03,-4.861283333087273271e-14
4.459999999999999964e+00,-4.249390085111334238e-03,0.000000000000000000e+00,-4.260498762482200358e-03,-4.718278764143751016e-14,-4.260498762482200358e-03,-4.718278764143751016e-14,-4.260498762482200358e-03,-4.718278764143751016e-14
4.480000000000000426e+00,1.082067396458644267e-03,0.000000000000000000e+00,1.491612273607077982e-03,-4.391882588415045649e-14,1.491612273607077982e-03,-4.391882588415045649e-14,1.491612273607077982e-03,-4.391882588415045649e-14
4.500000000000000000e+00,6.299745416983253306e-03,0.000000000000000000e+00,7.095068696356114646e-03,-3.898121963862056908e-14,7.095068696356114646e-03,-3.898121963862056908e-14,7.095068696356114646e-03,-3.898121963862056908e-14
4.520000000000000462e+00,1.119882907309429493e-02,0.000000000000000000e+00,1.233144689543338134e-02,-3.257627109213078836e-14,1.233144689543338134e-02,-3.257627109213078836e-14,1.233144689543338134e-02,-3.257627109213078836e-14
4.540000000000000036e+00,1.558979372728938606e-02,0.000000000000000000e+00,1.700020385677597848e-02,-2.499686735327396045e-14,1.700020385677597848e-02,-2.499686735327396045e-14,1.700020385677597848e-02,-2.499686735327396045e-14
4.560000000000000497e+00,1.930567638603781361e-02,0.000000000000000000e+00,2.092629709385608258e-02,-1.654523420558286574e-14,2.092629709385608258e-02,-1.654523420558286574e-14,2.092629709385608258e-02,-1.654523420558286574e-14
4.580000000000000071e+00,2.220836340624851926e-02,0.000000000000000000e+00,2.396668058608365445e-02,-7.580825676497985086e-15,2.396668058608365445e-02,-7.580825676497985086e-15,2.396668058608365445e-02,-7.580825676497985086e-15
4.600000000000000533e+00,2.419366012067415694e-02,0.000000000000000000e+00,2.601543848034958833e-02,1.544104882850248615e-15,2.601543848034958833e-02,1.544104882850248615e-15,2.601543848034958833e-02,1.544104882850248615e-15
4.620000000000000107e+00,2.519495883517655979e-02,0.000000000000000000e+00,2.700737570683078848e-02,1.046424395690998755e-14,2.700737570683078848e-02,1.046424395690998755e-14,2.700737570683078848e-02,1.046424395690998755e-14
4.639999999999999680e+00,2.518537905779946393e-02,0.000000000000000000e+00,2.691994827733323881e-02,1.883302475115657740e-14,2.691994827733323881e-02,1.883302475115657740e-14,2.691994827733323881e-02,1.883302475115657740e-14
4.660000000000000142e+00,2.417831543968881197e-02,0.000000000000000000e+00,2.577348327040417802e-02,2.632492790919479031e-14,2.577348327040417802e-02,2.632492790919479031e-14,2.577348327040417802e-02,2.632492790919479031e-14
4.679999999999999716e+00,2.222639227418129332e-02,0.000000000000000000e+00,2.362970665738603135e-02,3.266704420595882497e-14,2.362970665738603135e-02,3.266704420595882497e-14,2.362970665738603135e-02,3.266704420595882497e-14
4.700000000000000178e+00,1.941888600851230523e-02,0.000000000000000000e+00,2.058866348910868768e-02,3.761470031323442868e-14,2.058866348910868768e-02,3.761470031323442868e-14,2.058866348910868768e-02,3.761470031323442868e-14
4.719999999999999751e+00,1.587773662927094084e-02,0.000000000000000000e+00,1.678417695828264208e-02,4.101158251649779132e-14,1.678417695828264208e-02,4.101158251649779132e-14,1.678417695828264208e-02,4.101158251649779132e-14
4.740000000000000213e+00,1.175232270029808422e-02,0.000000000000000000e+00,1.237804810476963828e-02,4.273379430688077906e-14,1.237804810476963828e-02,4.273379430688077906e-14,1.237804810476963828e-02,4.273379430688077906e-14
4.759999999999999787e+00,7.213221215749081490e-03,0.000000000000000000e+00,7.553244369528818759e-03,4.274847547866608435e-14,7.553244369528818759e-03,4.274847547866608435e-14,7.553244369528818759e-03,4.274847547866608435e-14
4.780000000000000249e+00,2.445210557161808622e-03,0.000000000000000000e+00,2.506361137447639127e-03,4.107879001402808340e-14,2.506361137447639127e-03,4.107879001402808340e-14,2.506361137447639127e-03,4.107879001402808340e-14
4.799999999999999822e+00,-2.360198629088501761e-03,0.000000000000000000e+00,-2.560335410973071067e-03,3.781838590690122690e-14,-2.560335410973071067e-03,3.781838590690122690e-14,-2.560335410973071067e-03,3.781838590690122690e-14
4.820000000000000284e+00,-7.012404798028179856e-03,0.000000000000000000e+00,-7.446964161965583667e-03,3.312031293054211847e-14,-7.446964161965583667e-03,3.312031293054211847e-14,-7.446964161965583667e-03,3.312031293054211847e-14
4.839999999999999858e+00,-1.132922621612890944e-02,0.000000000000000000e+00,-1.196386479589181019e-02,2.718689726445641939e-14,-1.196386479589181019e-02,2.718689726445641939e-14,-1.196386479589181019e-02,2.718689726445641939e-14
4.860000000000000320e+00,-1.514398698099446439e-02,0.000000000000000000e+00,-1.593890819922298002e-02,2.028122980497121767e-14,-1.593890819922298002e-02,2.028122980497121767e-14,-1.593890819922298002e-02,2.028122980497121767e-14
4.879999999999999893e+00,-1.831190461899618455e-02,0.000000000000000000e+00,-1.922400185450450980e-02,1.268052769873409657e-14,-1.922400185450450980e-02,1.268052769873409657e-14,-1.922400185450450980e-02,1.268052769873409657e-14
4.900000000000000355e+00,-2.071553633353277746e-02,0.000000000000000000e+00,-2.170054659260380742e-02,4.703850900403863592e-15,-2.170054659260380742e-02,4.703850900403863592e-15,-2.170054659260380742e-02,4.703850900403863592e-15
4.919999999999999929e+00,-2.226908094774881705e-02,0.000000000000000000e+00,-2.328364621151977898e-02,-3.333242220156467502e-15,-2.328364621151977898e-02,-3.333242220156467502e-15,-2.328364621151977898e-02,-3.333242220156467502e-15
4.940000000000000391e+00,-2.292138104529929665e-02,0.000000000000000000e+00,-2.392492369657763310e-02,-1.111300676991840426e-14,-2.392492369657763310e-02,-1.111300676991840426e-14,-2.392492369657763310e-02,-1.111300676991840426e-14
4.959999999999999964e+00,-2.265752280942262553e-02,0.000000000000000000e+00,-2.361385494936335885e-02,-1.833149088096810178e-14,-2.361385494936335885e-02,-1.833149088096810178e-14,-2.361385494936335885e-02,-1.833149088096810178e-14
4.980000000000000426e+00,-2.149898744875835058e-02,0.000000000000000000e+00,-2.237759071813091513e-02,-2.471500303278012541e-14,-2.237759071813091513e-02,-2.471500303278012541e-14,-2.237759071813091513e-02,-2.471500303278012541e-14
5.000000000000000000e+00,-1.950236562503502094e-02,0.000000000000000000e+00,-2.027929742506705962e-02,-3.002272399148765730e-14,-2.027929742506705962e-02,-3.002272399148765730e-14,-2.027929742506705962e-02,-3.002272399148765730e-14
5.020000000000000462e+00,-1.675670269191937081e-02,0.000000000000000000e+00,-1.741510543917178244e-02,-3.406594201959337884e-14,-1.741510543917178244e-02,-3.406594201959337884e-14,-1.741510543917178244e-02,-3.406594201959337884e-14
5.040000000000000036e+00,-1.337959561598984354e-02,0.000000000000000000e+00,-1.390980680278753809e-02,-3.670124230883719649e-14,-1.390980680278753809e-02,-3.670124230883719649e-14,-1.390980680278753809e-02,-3.670124230883719649e-14
5.060000000000000497e+00,-9.512210136381642200e-03,0.000000000000000000e+00,-9.911491448395638032e-03,-3.785238321571561535e-14,-9.911491448395638032e-03,-3.785238321571561535e-14,-9.911491448395638032e-03,-3.785238321571561535e-14
5.080000000000000071e+00,-5.313427220193575953e-03,0.000000000000000000e+00,-5.585349788817614396e-03,-3.749479863195751302e-14,-5.585349788817614396e-03,-3.749479863195751302e-14,-5.585349788817614396e-03,-3.749479863195751302e-14
5.100000000000000533e+00,-9.533596800055248481e-04,0.000000000000000000e+00,-1.106898826670623488e-03,-3.566060032641456449e-14,-1.106898826670623488e-03,-3.566060032641456449e-14,-1.106898826670623488e-03,-3.566060032641456449e-14
5.120000000000000107e+00,3.393498210057318328e-03,0.000000000000000000e+00,3.345092394440645975e-03,-3.245773061074414004e-14,3.345092394440645975e-03,-3.245773061074414004e-14,3.345092394440645975e-03,-3.245773061074414004e-14
5.139999999999999680e+00,7.555213881221758618e-03,0.000000000000000000e+00,7.595694653675453233e-03,-2.802232981359141426e-14,7.595694653675453233e-03,-2.802232981359141426e-14,7.595694653675453233e-03,-2.802232981359141426e-14
5.160000000000000142e+00,1.136917773219249181e-02,0.000000000000000000e+00,1.148064814464981598e-02,-2.255477683448059645e-14,1.148064814464981598e-02,-2.255477683448059645e-14,1.148064814464981598e-02,-2.255477683448059645e-14
5.179999999999999716e+00,1.468841813546455967e-02,0.000000000000000000e+00,1.485266491695542285e-02,-1.628395683547646511e-14,1.485266491695542285e-02,-1.628395683547646511e-14,1.485266491695542285e-02,-1.628395683547646511e-14
5.200000000000000178e+00,1.738722644964239145e-02,0.000000000000000000e+00,1.758696419991002610e-02,-9.473134167454806757e-15,1.758696419991002610e-02,-9.473134167454806757e-15,1.758696419991002610e-02,-9.473134167454806757e-15
5.219999999999999751e+00,1.936587826173266288e-02,0.000000000000000000e+00,1.958583461221884148e-02,-2.393980415845006331e-15,1.958583461221884148e-02,-2.393980415845006331e-15,1.958583461221884148e-02,-2.393980415845006331e-15
5.240000000000000213e+00,2.055427511151343076e-02,0.000000000000000000e+00,2.078205881338516386e-02,4.667049776205330572e-15,2.078205881338516386e-02,4.667049776205330572e-15,2.078205881338516386e-02,4.667049776205330572e-15
5.259999999999999787e+00,2.091437545878692406e-02,0.000000000000000000e+00,2.114108353048903613e-02,1.143347743518094678e-14,2.114108353048903613e-02,1.143347743518094678e-14,2.114108353048903613e-02,1.143347743518094678e-14
5.280000000000000249e+00,2.044133282167706969e-02,0.000000000000000000e+00,2.066186914020108970e-02,1.764181106596677982e-14,2.066186914020108970e-02,1.764181106596677982e-14,2.066186914020108970e-02,1.764181106596677982e-14
5.299999999999999822e+00,1.916331085568303769e-02,0.000000000000000000e+00,1.937640602172547438e-02,2.305784838452162218e-14,1.937640602172547438e-02,2.305784838452162218e-14,1.937640602172547438e-02,2.305784838452162218e-14
5.320000000000000284e+00,1.713999759169033965e-02,0.000000000000000000e+00,1.734793760500499132e-02,2.747924069615452503e-14,1.734793760500499132e-02,2.747924069615452503e-14,1.734793760500499132e-02,2.747924069615452503e-14
5.339999999999999858e+00,1.445989203841664510e-02,0.000000000000000000e+00,1.466798034922941682e-02,3.075218215309482903e-14,1.466798034922941682e-02,3.075218215309482903e-14,1.466798034922941682e-02,3.075218215309482903e-14
5.360000000000000320e+00,1.123648389296885881e-02,0.000000000000000000e+00,1.145227685560783540e-02,3.275659635595170911e-14,1.145227685560783540e-02,3.275659635595170911e-14,1.145227685560783540e-02,3.275659635595170911e-14
5.379999999999999893e+00,7.603489361817357926e-03,0.000000000000000000e+00,7.835858203087560023e-03,3.344273216665098195e-14,7.835858203087560023e-03,3.344273216665098195e-14,7.835858203087560023e-03,3.344273216665098195e-14
5.400000000000000355e+00,3.709341470499154074e-03,0.000000000000000000e+00,3.967423920706385568e-03,3.279955711798239729e-14,3.967423920706385568e-03,3.279955711798239729e-14,3.967423920706385568e-03,3.279955711798239729e-14
5.419999999999999929e+00,-2.888395813953768191e-04,0.000000000000000000e+00,3.271620902324174285e-06,3.087717334887382470e-14,3.271620902324174285e-06,3.087717334887382470e-14,3.271620902324174285e-06,3.087717334887382470e-14
5.440000000000000391e+00,-4.231552461751452582e-03,0.000000000000000000e+00,-3.898977579033731204e-03,2.776970433203150537e-14,-3.898977579033731204e-03,2.776970433203150537e-14,-3.898977579033731204e-03,2.776970433203150537e-14
5.459999999999999964e+00,-7.963245368380502190e-03,0.000000000000000000e+00,-7.586607531567514384e-03,2.360922312941368949e-14,-7.586607531567514384e-03,2.360922312941368949e-14,-7.586607531567514384e-03,2.360922312941368949e-14
5.480000000000000426e+00,-1.133842132039184457e-02,0.000000000000000000e+00,-1.091774484917252576e-02,1.858840496592628242e-14,-1.091774484917252576e-02,1.858840496592628242e-14,-1.091774484917252576e-02,1.858840496592628242e-14
5.500000000000000000e+00,-1.422727969248813694e-02,0.000000000000000000e+00,-1.376677670780800285e-02,1.291813489968662012e-14,-1.376677670780800285e-02,1.291813489968662012e-14,-1.376677670780800285e-02,1.291813489968662012e-14
5.520000000000000462e+00,-1.652067647202823397e-02,0.000000000000000000e+00,-1.602904343074940466e-02,6.826898876348812485e-15,-1.602904343074940466e-02,6.826898876348812485e-15,-1.602904343074940466e-02,6.826898876348812485e-15
5.540000000000000036e+00,-1.813421492392834275e-02,0.000000000000000000e+00,-1.762463239530592113e-02,5.616665336816018611e-16,-1.762463239530592113e-02,5.616665336816018611e-16,-1.762463239530592113e-02,5.616665336816018611e-16
5.560000000000000497e+00,-1.901131465478386046e-02,0.000000000000000000e+00,-1.850113791417178077e-02,-5.625942361537540819e-15,-1.850113791417178077e-02,-5.625942361537540819e-15,-1.850113791417178077e-02,-5.625942361537540819e-15
5.580000000000000071e+00,-1.912514897073509801e-02,0.000000000000000000e+00,-1.863529458608950695e-02,-1.149464182761324988e-14,-1.863529458608950695e-02,-1.149464182761324988e-14,-1.863529458608950695e-02,-1.149464182761324988e-14
5.600000000000000533e+00,-1.847938621533886869e-02,0.000000000000000000e+00,-1.803343742574908121e-02,-1.681865890194516655e-14,-1.803343742574908121e-02,-1.681865890194516655e-14,-1.803343742574908121e-02,-1.681865890194516655e-14
5.620000000000000107e+00,-1.710771861098365001e-02,0.000000000000000000e+00,-1.673078901949173747e-02,-2.139640815834461528e-14,-1.673078901949173747e-02,-2.139640815834461528e-14,-1.673078901949173747e-02,-2.139640815834461528e-14
5.639999999999999680e+00,-1.507221010618256009e-02,0.000000000000000000e+00,-1.478962014536245283e-02,-2.505756540897440260e-14,-1.478962014536245283e-02,-2.505756540897440260e-14,-1.478962014536245283e-02,-2.505756540897440260e-14
5.660000000000000142e+00,-1.246054096179602041e-02,0.000000000000000000e+00,-1.229637393582882002e-02,-2.767544933596052474e-14,-1.229637393582882002e-02,-2.767544933596052474e-14,-1.229637393582882002e-02,-2.767544933596052474e-14
5.679999999999999716e+00,-9.382269490799592312e-03,0.000000000000000000e+00,-9.357883070350380902e-03,-2.916309581812570443e-14,-9.357883070350380902e-03,-2.916309581812570443e-14,-9.357883070350380902e-03,-2.916309581812570443e-14
5.700000000000000178e+00,-5.964268855895026727e-03,0.000000000000000000e+00,-6.096843177144582217e-03,-2.947533621231243819e-14,-6.096843177144582217e-03,-2.947533621231243819e-14,-6.096843177144582217e-03,-2.947533621231243819e-14
5.719999999999999751e+00,-2.345527705596164424e-03,0.000000000000000000e+00,-2.646732361575655865e-03,-2.862604238247450163e-14,-2.646732361575655865e-03,-2.862604238247450163e-14,-2.646732361575655865e-03,-2.862604238247450163e-14
5.740000000000000213e+00,1.328473454262332765e-03,0.000000000000000000e+00,8.536143815617365689e-04,-2.665719509111981828e-14,8.536143815617365689e-04,-2.665719509111981828e-14,8.536143815617365689e-04,-2.665719509111981828e-14
5.759999999999999787e+00,4.911583729924325591e-03,0.000000000000000000e+00,4.265556791251591366e-03,-2.367007558615196712e-14,4.265556791251591366e-03,-2.367007558615196712e-14,4.265556791251591366e-03,-2.367007558615196712e-14
5.780000000000000249e+00,8.262769272457086076e-03,0.000000000000000000e+00,7.456106384755544804e-03,-1.980135888178601873e-14,7.456106384755544804e-03,-1.980135888178601873e-14,7.456106384755544804e-03,-1.980135888178601873e-14
5.799999999999999822e+00,1.125163853651191606e-02,0.000000000000000000e+00,1.030307548807973470e-02,-1.521422315165873227e-14,1.030307548807973470e-02,-1.521422315165873227e-14,1.030307548807973470e-02,-1.521422315165873227e-14
5.820000000000000284e+00,1.376348992060149809e-02,0.000000000000000000e+00,1.269972028933663739e-02,-1.009481241459695046e-14,1.269972028933663739e-02,-1.009481241459695046e-14,1.269972028933663739e-02,-1.009481241459695046e-14
5.839999999999999858e+00,1.570368739840236061e-02,0.000000000000000000e+00,1.455870297830439558e-02,-4.661525271117008013e-15,1.455870297830439558e-02,-4.661525271117008013e-15,1.455870297830439558e-02,-4.661525271117008013e-15
5.860000000000000320e+00,1.700119825153049297e-02,0.000000000000000000e+00,1.581522759089085822e-02,8.675551367769046813e-16,1.581522759089085822e-02,8.675551367769046813e-16,1.581522759089085822e-02,8.675551367769046813e-16
5.879999999999999893e+00,1.761116176396759422e-02,0.000000000000000000e+00,1.642923899540605151e-02,6.277659484638545143e-15,1.642923899540605151e-02,6.277659484638545143e-15,1.642923899540605151e-02,6.277659484638545143e-15
5.900000000000000355e+00,1.751639730498253181e-02,0.000000000000000000e+00,1.638661308491083657e-02,1.135451579868553342e-14,1.638661308491083657e-02,1.135451579868553342e-14,1.638661308491083657e-02,1.135451579868553342e-14
5.919999999999999929e+00,1.672780300391604399e-02,0.000000000000000000e+00,1.569930709552070161e-02,1.590481641518464573e-14,1.569930709552070161e-02,1.590481641518464573e-14,1.569930709552070161e-02,1.590481641518464573e-14
5.940000000000000391e+00,1.528364048931801257e-02,0.000000000000000000e+00,1.440448041051486071e-02,1.975424474146424933e-14,1.440448041051486071e-02,1.975424474146424933e-14,1.440448041051486071e-02,1.975424474146424933e-14
5.959999999999999964e+00,1.324774516777276270e-02,0.000000000000000000e+00,1.256263659324508529e-02,2.276908368813347279e-14,1.256263659324508529e-02,2.276908368813347279e-14,1.256263659324508529e-02,2.276908368813347279e-14
5.980000000000000426e+00,1.070674352346135880e-02,0.000000000000000000e+00,1.025487514430476789e-02,2.483718143486431430e-14,1.025487514430476789e-02,2.483718143486431430e-14,1.025487514430476789e-02,2.483718143486431430e-14
6.000000000000000000e+00,7.766397293027704068e-03,0.000000000000000000e+00,7.579375154595729622e-03,2.589514305243960363e-14,7.579375154595729622e-03,2.589514305243960363e-14,7.579375154595729622e-03,2.589514305243960363e-14
6.020000000000000462e+00,4.547227635740891394e-03,0.000000000000000000e+00,4.647261363370926851e-03,2.591636460621250336e-14,4.647261363370926851e-03,2.591636460621250336e-14,4.647261363370926851e-03,2.591636460621250336e-14
6.040000000000000036e+00,1.179599316065844429e-03,0.000000000000000000e+00,1.578025096628643499e-03,2.491049346524741201e-14,1.578025096628643499e-03,2.491049346524741201e-14,1.578025096628643499e-03,2.491049346524741201e-14
6.060000000000000497e+00,-2.201535552547167433e-03,0.000000000000000000e+00,-1.505312608967611116e-03,2.294659657282325271e-14,-1.505312608967611116e-03,2.294659657282325271e-14,-1.505312608967611116e-03,2.294659657282325271e-14
6.080000000000000071e+00,-5.462023184848783727e-03,0.000000000000000000e+00,-4.481101170458518315e-03,2.010703448920573504e-14,-4.481101170458518315e-03,2.010703448920573504e-14,-4.481101170458518315e-03,2.010703448920573504e-14
6.100000000000000533e+00,-8.473809170888711717e-03,0.000000000000000000e+00,-7.233829938104548683e-03,1.652157550511600177e-14,-7.233829938104548683e-03,1.652157550511600177e-14,-7.233829938104548683e-03,1.652157550511600177e-14
6.120000000000000107e+00,-1.111994628156061891e-02,0.000000000000000000e+00,-9.658581200487317137e-03,1.234418739208754486e-14,-9.658581200487317137e-03,1.234418739208754486e-14,-9.658581200487317137e-03,1.234418739208754486e-14
6.140000000000000568e+00,-1.329911403675705130e-02,0.000000000000000000e+00,-1.166499629801547380e-02,7.740732742904533157e-15,-1.166499629801547380e-02,7.740732742904533157e-15,-1.166499629801547380e-02,7.740732742904533157e-15
6.160000000000000142e+00,-1.492947621585962240e-02,0.000000000000000000e+00,-1.318060627084663775e-02,2.908505628885190841e-15,-1.318060627084663775e-02,2.908505628885190841e-15,-1.318060627084663775e-02,2.908505628885190841e-15
6.179999999999999716e+00,-1.595173031799092256e-02,0.000000000000000000e+00,-1.415340581971024324e-02,-1.961804365480437641e-15,-1.415340581971024324e-02,-1.961804365480437641e-15,-1.415340581971024324e-02,-1.961804365480437641e-15
6.200000000000000178e+00,-1.633123629808391070e-02,0.000000000000000000e+00,-1.455358105637413052e-02,-6.679735995389629328e-15,-1.455358105637413052e-02,-6.679735995389629328e-15,-1.455358105637413052e-02,-6.679735995389629328e-15
6.219999999999999751e+00,-1.605914934808220368e-02,0.000000000000000000e+00,-1.437433624815843622e-02,-1.105981274030721206e-14,-1.437433624815843622e-02,-1.105981274030721206e-14,-1.437433624815843622e-02,-1.105981274030721206e-14
6.240000000000000213e+00,-1.515252154468449061e-02,0.000000000000000000e+00,-1.363180110284492597e-02,-1.493490047191588014e-14,-1.363180110284492597e-02,-1.493490047191588014e-14,-1.363180110284492597e-02,-1.493490047191588014e-14
6.259999999999999787e+00,-1.365337824188686718e-02,0.000000000000000000e+00,-1.236403664005410706e-02,-1.815922614662599827e-14,-1.236403664005410706e-02,-1.815922614662599827e-14,-1.236403664005410706e-02,-1.815922614662599827e-14
6.280000000000000249e+00,-1.162681551968976733e-02,0.000000000000000000e+00,-1.062919291273165152e-02,-2.061903687786176850e-14,-1.062919291273165152e-02,-2.061903687786176850e-14,-1.062919291273165152e-02,-2.061903687786176850e-14
6.299999999999999822e+00,-9.158203221260877852e-03,0.000000000000000000e+00,-8.502904410916077571e-03,-2.222905967820597175e-14,-8.502904410916077571e-03,-2.222905967820597175e-14,-8.502904410916077571e-03,-2.222905967820597175e-14
6.320000000000000284e+00,-6.349612633260012275e-03,0.000000000000000000e+00,-6.075037658284540738e-03,-2.293332159822226230e-14,-6.075037658284540738e-03,-2.293332159822226230e-14,-6.075037658284540738e-03,-2.293332159822226230e-14
6.339999999999999858e+00,-3.315617361390874995e-03,0.000000000000000000e+00,-3.445929231583773778e-03,-2.272678807020977765e-14,-3.445929231583773778e-03,-2.272678807020977765e-14,-3.445929231583773778e-03,-2.272678807020977765e-14
6.360000000000000320e+00,-1.786393094230045206e-04,0.000000000000000000e+00,-7.222703374235054860e-04,-2.162755659486119890e-14,-7.222703374235054860e-04,-2.162755659486119890e-14,-7.222703374235054860e-04,-2.162755659486119890e-14
6.379999999999999893e+00,2.935971978663003829e-03,0.000000000000000000e+00,1.987194444008233245e-03,-1.969732140036233022e-14,1.987194444008233245e-03,-1.969732140036233022e-14,1.987194444008233245e-03,-1.969732140036233022e-14
6.400000000000000355e+00,5.904929586624447536e-03,0.000000000000000000e+00,4.575981944243251963e-03,-1.701498951189762473e-14,4.575981944243251963e-03,-1.701498951189762473e-14,4.575981944243251963e-03,-1.701498951189762473e-14
6.419999999999999929e+00,8.611871169492371636e-03,0.000000000000000000e+00,6.944028581545646367e-03,-1.370791575668893983e-14,6.944028581545646367e-03,-1.370791575668893983e-14,6.944028581545646367e-03,-1.370791575668893983e-14
6.440000000000000391e+00,1.095190155268893975e-02,0.000000000000000000e+00,9.001530617756941730e-03,-9.914883578898452030e-15,9.001530617756941730e-03,-9.914883578898452030e-15,9.001530617756941730e-03,-9.914883578898452030e-15
6.459999999999999964e+00,1.283563935820787247e-02,0.000000000000000000e+00,1.067232023495403789e-02,-5.789248403335455607e-15,1.067232023495403789e-02,-5.789248403335455607e-15,1.067232023495403789e-02,-5.789248403335455607e-15
6.480000000000000426e+00,1.419261226102789576e-02,0.000000000000000000e+00,1.189665174039814151e-02,-1.500216399681244587e-15,1.189665174039814151e-02,-1.500216399681244587e-15,1.189665174039814151e-02,-1.500216399681244587e-15
6.500000000000000000e+00,1.497387265017338306e-02,0.000000000000000000e+00,1.263329740673405609e-02,2.779862163472137135e-15,1.263329740673405609e-02,2.779862163472137135e-15,1.263329740673405609e-02,2.779862163472137135e-15
6.520000000000000462e+00,1.515373745309122819e-02,0.000000000000000000e+00,1.286088121606318926e-02,6.882008225221184277e-15,1.286088121606318926e-02,6.882008225221184277e-15,1.286088121606318926e-02,6.882008225221184277e-15
6.540000000000000036e+00,1.473059137319807435e-02,0.000000000000000000e+00,1.257840991283611098e-02,1.064880393434727349e-14,1.257840991283611098e-02,1.064880393434727349e-14,1.257840991283611098e-02,1.064880393434727349e-14
6.560000000000000497e+00,1.372673035614931439e-02,0.000000000000000000e+00,1.180499301810148359e-02,1.393727851800945092e-14,1.180499301810148359e-02,1.393727851800945092e-14,1.180499301810148359e-02,1.393727851800945092e-14
6.580000000000000071e+00,1.218726023930480178e-02,0.000000000000000000e+00,1.057877552911079370e-02,1.662580921613253487e-14,1.057877552911079370e-02,1.662580921613253487e-14,1.057877552911079370e-02,1.662580921613253487e-14
6.600000000000000533e+00,1.017810274075351892e-02,0.000000000000000000e+00,8.955137663313128549e-03,1.861430851835248885e-14,8.955137663313128549e-03,1.861430851835248885e-14,8.955137663313128549e-03,1.861430851835248885e-14
6.620000000000000107e+00,7.783195749404402813e-03,0.000000000000000000e+00,7.004244020389418200e-03,1.983644891882314822e-14,7.004244020389418200e-03,1.983644891882314822e-14,7.004244020389418200e-03,1.983644891882314822e-14
6.640000000000000568e+00,5.101005933999654129e-03,0.000000000000000000e+00,4.808048867903163062e-03,2.026330172610648295e-14,4.808048867903163062e-03,2.026330172610648295e-14,4.808048867903163062e-03,2.026330172610648295e-14
6.660000000000000142e+00,2.240497804409994492e-03,0.000000000000000000e+00,2.456884004796631733e-03,1.988369711717444516e-14,2.456884004796631733e-03,1.988369711717444516e-14,2.456884004796631733e-03,1.988369711717444516e-14
6.679999999999999716e+00,-6.832764533015621075e-04,0.000000000000000000e+00,4.577011633328730657e-05,1.872750224189649843e-14,4.577011633328730657e-05,1.872750224189649843e-14,4.577011633328730657e-05,1.872750224189649843e-14
6.700000000000000178e+00,-3.553788529716337199e-03,0.000000000000000000e+00,-2.329398782444664501e-03,1.685033945764822035e-14,-2.329398782444664501e-03,1.685033945764822035e-14,-2.329398782444664501e-03,1.685033945764822035e-14
6.719999999999999751e+00,-6.257662723046797555e-03,0.000000000000000000e+00,-4.575645561670304597e-03,1.433653067203259493e-14,-4.575645561670304597e-03,1.433653067203259493e-14,-4.575645561670304597e-03,1.433653067203259493e-14
6.740000000000000213e+00,-8.689138600562853684e-03,0.000000000000000000e+00,-6.606525978637544511e-03,1.130095157179699405e-14,-6.606525978637544511e-03,1.130095157179699405e-14,-6.606525978637544511e-03,1.130095157179699405e-14
6.759999999999999787e+00,-1.075419253533133231e-02,0.000000000000000000e+00,-8.345430787099100342e-03,7.868219820076654324e-15,-8.345430787099100342e-03,7.868219820076654324e-15,-8.345430787099100342e-03,7.868219820076654324e-15
6.780000000000000249e+00,-1.237415809896514132e-02,0.000000000000000000e+00,-9.728448822870935236e-03,4.179604621395690846e-15,-9.728448822870935236e-03,4.179604621395690846e-15,-9.728448822870935236e-03,4.179604621395690846e-15
6.799999999999999822e+00,-1.348870651624713320e-02,0.000000000000000000e+00,-1.070668518363180471e-02,3.832751553141944955e-16,-1.070668518363180471e-02,3.832751553141944955e-16,-1.070668518363180471e-02,3.832751553141944955e-16
6.820000000000000284e+00,-1.405807490963802663e-02,0.000000000000000000e+00,-1.124795173824923167e-02,-3.368201643135107856e-15,-1.124795173824923167e-02,-3.368201643135107856e-15,-1.124795173824923167e-02,-3.368201643135107856e-15
6.839999999999999858e+00,-1.406446078718249712e-02,0.000000000000000000e+00,-1.133777321594906483e-02,-6.926901768322693458e-15,-1.133777321594906483e-02,-6.926901768322693458e-15,-1.133777321594906483e-02,-6.926901768322693458e-15
6.860000000000000320e+00,-1.351253490627083234e-02,0.000000000000000000e+00,-1.097967996828950847e-02,-1.015677154978723799e-14,-1.097967996828950847e-02,-1.015677154978723799e-14,-1.097967996828950847e-02,-1.015677154978723799e-14
6.879999999999999893e+00,-1.242905992245038095e-02,0.000000000000000000e+00,-1.019478704206195838e-02,-1.293589663817474157e-14,-1.019478704206195838e-02,-1.293589663817474157e-14,-1.019478704206195838e-02,-1.293589663817474157e-14
6.900000000000000355e+00,-1.086163770006862844e-02,0.000000000000000000e+00,-9.020687313750993391e-03,-1.515961339520479421e-14,-9.020687313750993391e-03,-1.515961339520479421e-14,-9.020687313750993391e-03,-1.515961339520479421e-14
6.919999999999999929e+00,-8.876642417643989397e-03,0.000000000000000000e+00,-7.509713015674523637e-03,-1.675397766737311504e-14,-7.509713015674523637e-03,-1.675397766737311504e-14,-7.509713015674523637e-03,-1.675397766737311504e-14
6.940000000000000391e+00,-6.556428303061188553e-03,0.000000000000000000e+00,-5.726644007624962646e-03,-1.766321723639132305e-14,-5.726644007624962646e-03,-1.766321723639132305e-14,-5.726644007624962646e-03,-1.766321723639132305e-14
6.959999999999999964e+00,-3.995928751886790829e-03,0.000000000000000000e+00,-3.745961709652205398e-03,-1.786270467566739416e-14,-3.745961709652205398e-03,-1.786270467566739416e-14,-3.745961709652205398e-03,-1.786270467566739416e-14
6.980000000000000426e+00,-1.298786646083535537e-03,0.000000000000000000e+00,-1.648763955982135172e-03,-1.735281206133018522e-14,-1.648763955982135172e-03,-1.735281206133018522e-14,-1.648763955982135172e-03,-1.735281206133018522e-14
7.000000000000000000e+00,1.426826969262562318e-03,0.000000000000000000e+00,4.805324206885667592e-04,-1.616900169712705884e-14,4.805324206885667592e-04,-1.616900169712705884e-14,4.805324206885667592e-04,-1.616900169712705884e-14
7.020000000000000462e+00,4.072537713026052469e-03,0.000000000000000000e+00,2.557568090918616033e-03,-1.436683506595009526e-14,2.557568090918616033e-03,-1.436683506595009526e-14,2.557568090918616033e-03,-1.436683506595009526e-14
7.040000000000000036e+00,6.534063819554170732e-03,0.000000000000000000e+00,4.501362603186312601e-03,-1.202639420751618880e-14,4.501362603186312601e-03,-1.202639420751618880e-14,4.501362603186312601e-03,-1.202639420751618880e-14
7.060000000000000497e+00,8.715313443788931524e-03,0.000000000000000000e+00,6.237450690710407558e-03,-9.250416709430225435e-15,6.237450690710407558e-03,-9.250416709430225435e-15,6.237450690710407558e-03,-9.250416709430225435e-15
7.080000000000000071e+00,1.053212284643868964e-02,0.000000000000000000e+00,7.700712892421148446e-03,-6.154211925491838126e-15,7.700712892421148446e-03,-6.154211925491838126e-15,7.700712892421148446e-03,-6.154211925491838126e-15
7.100000000000000533e+00,1.191549054789470263e-02,0.000000000000000000e+00,8.837793797147048061e-03,-2.861194167622957278e-15,8.837793797147048061e-03,-2.861194167622957278e-15,8.837793797147048061e-03,-2.861194167622957278e-15
7.120000000000000107e+00,1.281418369926209423e-02,0.000000000000000000e+00,9.609019130847882770e-03,4.890577687346753026e-16,9.609019130847882770e-03,4.890577687346753026e-16,9.609019130847882770e-03,4.890577687346753026e-16
7.140000000000000568e+00,1.319661879300825826e-02,0.000000000000000000e+00,9.989744033464552364e-03,3.767634409561503031e-15,9.989744033464552364e-03,3.767634409561503031e-15,9.989744033464552364e-03,3.767634409561503031e-15
7.160000000000000142e+00,1.305194836254404411e-02,0.000000000000000000e+00,9.971088332284097286e-03,6.847356033341752870e-15,9.971088332284097286e-03,6.847356033341752870e-15,9.971088332284097286e-03,6.847356033341752870e-15
7.179999999999999716e+00,1.239031730240119228e-02,0.000000000000000000e+00,9.560039452189585465e-03,9.607846247778164584e-15,9.560039452189585465e-03,9.607846247778164584e-15,9.560039452189585465e-03,9.607846247778164584e-15
7.200000000000000178e+00,1.124228559436043703e-02,0.000000000000000000e+00,8.778928810259371829e-03,1.194599020455478332e-14,8.778928810259371829e-03,1.194599020455478332e-14,8.778928810259371829e-03,1.194599020455478332e-14
7.219999999999999751e+00,9.657447230118328466e-03,0.000000000000000000e+00,7.664312124349163292e-03,1.377798203321308995e-14,7.664312124349163292e-03,1.377798203321308995e-14,7.664312124349163292e-03,1.377798203321308995e-14
7.240000000000000213e+00,7.702306674824054185e-03,0.000000000000000000e+00,6.265307064199879261e-03,1.503880706581123384e-14,6.265307064199879261e-03,1.503880706581123384e-14,6.265307064199879261e-03,1.503880706581123384e-14
7.259999999999999787e+00,5.457503083100142052e-03,0.000000000000000000e+00,4.641462208305394480e-03,1.568576511552002990e-14,4.641462208305394480e-03,1.568576511552002990e-14,4.641462208305394480e-03,1.568576511552002990e-14
7.280000000000000249e+00,3.014497541269653760e-03,0.000000000000000000e+00,2.860248570114303987e-03,1.570508882203966060e-14,2.860248570114303987e-03,1.570508882203966060e-14,2.860248570114303987e-03,1.570508882203966060e-14
7.299999999999999822e+00,4.718589072086431906e-04,0.000000000000000000e+00,9.942783924509113105e-04,1.510592737450967580e-14,9.942783924509113105e-04,1.510592737450967580e-14,9.942783924509113105e-04,1.510592737450967580e-14
7.320000000000000284e+00,-2.068701410694596867e-03,0.000000000000000000e+00,-8.816349893076299129e-04,1.391842154448828643e-14,-8.816349893076299129e-04,1.391842154448828643e-14,-8.816349893076299129e-04,1.391842154448828643e-14
7.339999999999999858e+00,-4.506386690177434547e-03,0.000000000000000000e+00,-2.693457937328340608e-03,1.220563091413559238e-14,-2.693457937328340608e-03,1.220563091413559238e-14,-2.693457937328340608e-03,1.220563091413559238e-14
7.360000000000000320e+00,-6.745302759113456018e-03,0.000000000000000000e+00,-4.370839927482601632e-03,1.003788209319077369e-14,-4.370839927482601632e-03,1.003788209319077369e-14,-4.370839927482601632e-03,1.003788209319077369e-14
7.379999999999999893e+00,-8.698219157559319847e-03,0.000000000000000000e+00,-5.849826459378404050e-03,7.507408392361067534e-15,-5.849826459378404050e-03,7.507408392361067534e-15,-5.849826459378404050e-03,7.507408392361067534e-15
7.400000000000000355e+00,-1.028995651691247057e-02,0.000000000000000000e+00,-7.075277601884651969e-03,4.721300386179179372e-15,-7.075277601884651969e-03,4.721300386179179372e-15,-7.075277601884651969e-03,4.721300386179179372e-15
7.419999999999999929e+00,-1.146026905805949160e-02,0.000000000000000000e+00,-8.002901534574087886e-03,1.794235290966656943e-15,-8.002901534574087886e-03,1.794235290966656943e-15,-8.002901534574087886e-03,1.794235290966656943e-15
7.440000000000000391e+00,-1.216611214958163850e-02,0.000000000000000000e+00,-8.600829026977209468e-03,-1.156426951845660089e-15,-8.600829026977209468e-03,-1.156426951845660089e-15,-8.600829026977209468e-03,-1.156426951845660089e-15
7.459999999999999964e+00,-1.238321009026942081e-02,0.000000000000000000e+00,-8.850674035984388427e-03,-4.016018095094219648e-15,-8.850674035984388427e-03,-4.016018095094219648e-15,-8.850674035984388427e-03,-4.016018095094219648e-15
7.480000000000000426e+00,-1.210686765669506844e-02,0.000000000000000000e+00,-8.748046697912677944e-03,-6.673303983805466448e-15,-8.748046697912677944e-03,-6.673303983805466448e-15,-8.748046697912677944e-03,-6.673303983805466448e-15
7.500000000000000000e+00,-1.135199933931057593e-02,0.000000000000000000e+00,-8.302507085759327360e-03,-9.024662816856534921e-15,-8.302507085759327360e-03,-9.024662816856534921e-15,-8.302507085759327360e-03,-9.024662816856534921e-15
7.520000000000000462e+00,-1.015238136226078933e-02,0.000000000000000000e+00,-7.536970308258478246e-03,-1.098428079282679799e-14,-7.536970308258478246e-03,-1.098428079282679799e-14,-7.536970308258478246e-03,-1.098428079282679799e-14
7.540000000000000036e+00,-8.559162304090074669e-03,0.000000000000000000e+00,-6.486594969257356708e-03,-1.247937690094528199e-14,-6.486594969257356708e-03,-1.247937690094528199e-14,-6.486594969257356708e-03,-1.247937690094528199e-14
7.560000000000000497e+00,-6.638697197615086448e-03,0.000000000000000000e+00,-5.197206851162066397e-03,-1.346019862864084388e-14,-5.197206851162066397e-03,-1.346019862864084388e-14,-5.197206851162066397e-03,-1.346019862864084388e-14
7.580000000000000071e+00,-4.469796251491234794e-03,0.000000000000000000e+00,-3.723327178217477034e-03,-1.389339354926463736e-14,-3.723327178217477034e-03,-1.389339354926463736e-14,-3.723327178217477034e-03,-1.389339354926463736e-14
7.600000000000000533e+00,-2.140501786938772775e-03,0.000000000000000000e+00,-2.125889302139742209e-03,-1.377374148499571824e-14,-2.125889302139742209e-03,-1.377374148499571824e-14,-2.125889302139742209e-03,-1.377374148499571824e-14
7.620000000000000107e+00,2.554752370464886285e-04,0.000000000000000000e+00,-4.697386106545096865e-04,-1.311475404455566347e-14,-4.697386106545096865e-04,-1.311475404455566347e-14,-4.697386106545096865e-04,-1.311475404455566347e-14
7.640000000000000568e+00,2.622515294337026282e-03,0.000000000000000000e+00,1.178982487523554373e-03,-1.194852623674047802e-14,1.178982487523554373e-03,-1.194852623674047802e-14,1.178982487523554373e-03,-1.194852623674047802e-14
7.660000000000000142e+00,4.866896487934450552e-03,0.000000000000000000e+00,2.755459716394986769e-03,-1.033112207488198577e-14,2.755459716394986769e-03,-1.033112207488198577e-14,2.755459716394986769e-03,-1.033112207488198577e-14
7.679999999999999716e+00,6.900495752786185363e-03,0.000000000000000000e+00,4.198738681440693406e-03,-8.330333482884570066e-15,4.198738681440693406e-03,-8.330333482884570066e-15,4.198738681440693406e-03,-8.330333482884570066e-15
7.700000000000000178e+00,8.644239281892424076e-03,0.000000000000000000e+00,5.454064969433121239e-03,-6.032941037322365862e-15,5.454064969433121239e-03,-6.032941037322365862e-15,5.454064969433121239e-03,-6.032941037322365862e-15
7.719999999999999751e+00,1.003116745535214197e-02,0.000000000000000000e+00,6.474943441004667177e-03,-3.536139757488639566e-15,6.474943441004667177e-03,-3.536139757488639566e-15,6.474943441004667177e-03,-3.536139757488639566e-15
7.740000000000000213e+00,1.100899586008479911e-02,0.000000000000000000e+00,7.224840012434082144e-03,-9.386716575554492534e-16,7.224840012434082144e-03,-9.386716575554492534e-16,7.224840012434082144e-03,-9.386716575554492534e-16
7.759999999999999787e+00,1.154207485569155693e-02,0.000000000000000000e+00,7.678464503630644429e-03,1.656102372815700948e-15,7.678464503630644429e-03,1.656102372815700948e-15,7.678464503630644429e-03,1.656102372815700948e-15
7.780000000000000249e+00,1.161267470873626577e-02,0.000000000000000000e+00,7.822590589578813647e-03,4.143745570883169565e-15,7.822590589578813647e-03,4.143745570883169565e-15,7.822590589578813647e-03,4.143745570883169565e-15
7.799999999999999822e+00,1.122155058346886031e-02,0.000000000000000000e+00,7.656387810772906886e-03,6.428657362220837806e-15,7.656387810772906886e-03,6.428657362220837806e-15,7.656387810772906886e-03,6.428657362220837806e-15
7.820000000000000284e+00,1.038777054246924070e-02,0.000000000000000000e+00,7.191260206572114982e-03,8.424053154901343785e-15,7.191260206572114982e-03,8.424053154901343785e-15,7.191260206572114982e-03,8.424053154901343785e-15
7.839999999999999858e+00,9.147819021791134611e-03,0.000000000000000000e+00,6.450205650893728326e-03,1.005718665061031037e-14,6.450205650893728326e-03,1.005718665061031037e-14,6.450205650893728326e-03,1.005718665061031037e-14
7.860000000000000320e+00,7.554016839049147204e-03,0.000000000000000000e+00,5.466728625131059456e-03,1.126825827933956893e-14,5.466728625131059456e-03,1.126825827933956893e-14,5.466728625131059456e-03,1.126825827933956893e-14
7.879999999999999893e+00,5.672325543826307534e-03,0.000000000000000000e+00,4.283356237399674020e-03,1.201549993662651494e-14,4.283356237399674020e-03,1.201549993662651494e-14,4.283356237399674020e-03,1.201549993662651494e-14
7.900000000000000355e+00,3.579627783501867708e-03,0.000000000000000000e+00,2.949822142510115635e-03,1.227717403618461264e-14,2.949822142510115635e-03,1.227717403618461264e-14,2.949822142510115635e-03,1.227717403618461264e-14
7.919999999999999929e+00,1.360595411899455333e-03,0.000000000000000000e+00,1.520995083694041961e-03,1.205351211414946370e-14,1.520995083694041961e-03,1.205351211414946370e-14,1.520995083694041961e-03,1.205351211414946370e-14
7.940000000000000391e+00,-8.957274515976149055e-04,0.000000000000000000e+00,5.463763336134931420e-05,1.135735758610565962e-14,5.463763336134931420e-05,1.135735758610565962e-14,5.463763336134931420e-05,1.135735758610565962e-14
7.959999999999999964e+00,-3.099488876591678654e-03,0.000000000000000000e+00,-1.390913942477526926e-03,1.022419723063652838e-14,-1.390913942477526926e-03,1.022419723063652838e-14,-1.390913942477526926e-03,1.022419723063652838e-14
7.980000000000000426e+00,-5.163598747721842054e-03,0.000000000000000000e+00,-2.759056088687427376e-03,8.705234057136552960e-15,-2.759056088687427376e-03,8.705234057136552960e-15,-2.759056088687427376e-03,8.705234057136552960e-15
8.000000000000000000e+00,-7.007162084464020786e-03,0.000000000000000000e+00,-3.997120017588090546e-03,6.870731064967611865e-15,-3.997120017588090546e-03,6.870731064967611865e-15,-3.997120017588090546e-03,6.870731064967611865e-15
8.019999999999999574e+00,-8.558641035402854771e-03,0.000000000000000000e+00,-5.058384329035081270e-03,4.791764590080285084e-15,-5.058384329035081270e-03,4.791764590080285084e-15,-5.058384329035081270e-03,4.791764590080285084e-15
8.040000000000000924e+00,-9.758622282928161584e-03,0.000000000000000000e+00,-5.903821898029642037e-03,2.556998888750025972e-15,-5.903821898029642037e-03,2.556998888750025972e-15,-5.903821898029642037e-03,2.556998888750025972e-15
8.060000000000000497e+00,-1.056208314175615184e-02,0.000000000000000000e+00,-6.503516393577733756e-03,2.568831763812886070e-16,-6.503516393577733756e-03,2.568831763812886070e-16,-6.503516393577733756e-03,2.568831763812886070e-16
8.080000000000000071e+00,-1.094007028392814454e-02,0.000000000000000000e+00,-6.837697815197924141e-03,-2.015507465372209769e-15,-6.837697815197924141e-03,-2.015507465372209769e-15,-6.837697815197924141e-03,-2.015507465372209769e-15
8.099999999999999645e+00,-1.088072892650219538e-02,0.000000000000000000e+00,-6.897362229897468881e-03,-4.174139881557125878e-15,-6.897362229897468881e-03,-4.174139881557125878e-15,-6.897362229897468881e-03,-4.174139881557125878e-15
8.120000000000000995e+00,-1.038964650605514461e-02,0.000000000000000000e+00,-6.684457812732133748e-03,-6.133488636314073105e-15,-6.684457812732133748e-03,-6.133488636314073105e-15,-6.684457812732133748e-03,-6.133488636314073105e-15
8.140000000000000568e+00,-9.489502283148324585e-03,0.000000000000000000e+00,-6.211636654272578370e-03,-7.820723217218037069e-15,-6.211636654272578370e-03,-7.820723217218037069e-15,-6.211636654272578370e-03,-7.820723217218037069e-15
8.160000000000000142e+00,-8.219041875925479565e-03,0.000000000000000000e+00,-5.501588907849077129e-03,-9.173451971589929076e-15,-5.501588907849077129e-03,-9.173451971589929076e-15,-5.501588907849077129e-03,-9.173451971589929076e-15
8.179999999999999716e+00,-6.631422323450486545e-03,0.000000000000000000e+00,-4.585992038444538024e-03,-1.014406682384322123e-14,-4.585992038444538024e-03,-1.014406682384322123e-14,-4.585992038444538024e-03,-1.014406682384322123e-14
8.199999999999999289e+00,-4.791997880425692517e-03,0.000000000000000000e+00,-3.504122580404289006e-03,-1.069781030315900387e-14,-3.504122580404289006e-03,-1.069781030315900387e-14,-3.504122580404289006e-03,-1.069781030315900387e-14
8.220000000000000639e+00,-2.775638386506539424e-03,0.000000000000000000e+00,-2.301190360128615130e-03,-1.082310487237757096e-14,-2.301190360128615130e-03,-1.082310487237757096e-14,-2.301190360128615130e-03,-1.082310487237757096e-14
8.240000000000000213e+00,-6.636899005434843688e-04,0.000000000000000000e+00,-1.026465131226800536e-03,-1.052081789180841947e-14,-1.026465131226800536e-03,-1.052081789180841947e-14,-1.026465131226800536e-03,-1.052081789180841947e-14
8.259999999999999787e+00,1.459299336091547227e-03,0.000000000000000000e+00,2.687273502074546331e-04,-9.806081099172199327e-15,2.687273502074546331e-04,-9.806081099172199327e-15,2.687273502074546331e-04,-9.806081099172199327e-15
8.279999999999999361e+00,3.508956139327019247e-03,0.000000000000000000e+00,1.533058846736269111e-03,-8.718200376389944000e-15,1.533058846736269111e-03,-8.718200376389944000e-15,1.533058846736269111e-03,-8.718200376389944000e-15
8.300000000000000711e+00,5.404428220894872022e-03,0.000000000000000000e+00,2.717220108030030026e-03,-7.304834592752559714e-15,2.717220108030030026e-03,-7.304834592752559714e-15,2.717220108030030026e-03,-7.304834592752559714e-15
8.320000000000000284e+00,7.071566237439031594e-03,0.000000000000000000e+00,3.775831178155947352e-03,-5.623707271804238215e-15,3.775831178155947352e-03,-5.623707271804238215e-15,3.775831178155947352e-03,-5.623707271804238215e-15
8.339999999999999858e+00,8.445817105361557581e-03,0.000000000000000000e+00,4.669167049564440335e-03,-3.749091132078553171e-15,4.669167049564440335e-03,-3.749091132078553171e-15,4.669167049564440335e-03,-3.749091132078553171e-15
8.359999999999999432e+00,9.474715974417308867e-03,0.000000000000000000e+00,5.364633594334639391e-03,-1.756490329286533106e-15,5.364633594334639391e-03,-1.756490329286533106e-15,5.364633594334639391e-03,-1.756490329286533106e-15
8.380000000000000782e+00,1.011988096213847430e-02,0.000000000000000000e+00,5.837939556669248346e-03,2.744119583636816489e-16,5.837939556669248346e-03,2.744119583636816489e-16,5.837939556669248346e-03,2.744119583636816489e-16
8.400000000000000355e+00,1.035843513873559857e-02,0.000000000000000000e+00,6.073923209286614250e-03,2.261791932839801899e-15,6.073923209286614250e-03,2.261791932839801899e-15,6.073923209286614250e-03,2.261791932839801899e-15
8.419999999999999929e+00,1.018380348485817093e-02,0.000000000000000000e+00,6.067006524654004057e-03,4.129152427329651414e-15,6.067006524654004057e-03,4.129152427329651414e-15,6.067006524654004057e-03,4.129152427329651414e-15
8.439999999999999503e+00,9.605857682491003580e-03,0.000000000000000000e+00,5.821264806420581826e-03,5.804375744798536598e-15,5.821264806420581826e-03,5.804375744798536598e-15,5.821264806420581826e-03,5.804375744798536598e-15
8.460000000000000853e+00,8.650407633597218676e-03,0.000000000000000000e+00,5.350115059244156361e-03,7.224057881775247527e-15,5.350115059244156361e-03,7.224057881775247527e-15,5.350115059244156361e-03,7.224057881775247527e-15
8.480000000000000426e+00,7.358064494804842162e-03,0.000000000000000000e+00,4.675641338882914264e-03,8.337850283190058381e-15,4.675641338882914264e-03,8.337850283190058381e-15,4.675641338882914264e-03,8.337850283190058381e-15
8.500000000000000000e+00,5.782524745281352081e-03,0.000000000000000000e+00,3.827589335414363983e-03,9.105370923621637258e-15,3.827589335414363983e-03,9.105370923621637258e-15,3.827589335414363983e-03,9.105370923621637258e-15
8.519999999999999574e+00,3.988347398068172768e-03,0.000000000000000000e+00,2.842074963885595894e-03,9.501973492618030770e-15,2.842074963885595894e-03,9.501973492618030770e-15,2.842074963885595894e-03,9.501973492618030770e-15
8.540000000000000924e+00,2.048316043002677486e-03,0.000000000000000000e+00,1.760062298774333137e-03,9.517653410863426924e-15,1.760062298774333137e-03,9.517653410863426924e-15,1.760062298774333137e-03,9.517653410863426924e-15
8.560000000000000497e+00,4.049321790514301953e-05,0.000000000000000000e+00,6.256744060805090627e-04,9.157745763027355618e-15,6.256744060805090627e-04,9.157745763027355618e-15,6.256744060805090627e-04,9.157745763027355618e-15
8.580000000000000071e+00,-1.954913955640035818e-03,0.000000000000000000e+00,-5.155937872546911870e-04,8.444670272332770527e-15,-5.155937872546911870e-04,8.444670272332770527e-15,-5.155937872546911870e-04,8.444670272332770527e-15
8.599999999999999645e+00,-3.858751287289697782e-03,0.000000000000000000e+00,-1.618688671364145555e-03,7.409484778798080262e-15,-1.618688671364145555e-03,7.409484778798080262e-15,-1.618688671364145555e-03,7.409484778798080262e-15
8.620000000000000995e+00,-5.596050972097258575e-03,0.000000000000000000e+00,-2.640765363780778283e-03,6.097234699201738061e-15,-2.640765363780778283e-03,6.097234699201738061e-15,-2.640765363780778283e-03,6.097234699201738061e-15
8.640000000000000568e+00,-7.098977195962556316e-03,0.000000000000000000e+00,-3.542840463745522677e-03,4.566160374041989923e-15,-3.542840463745522677e-03,4.566160374041989923e-15,-3.542840463745522677e-03,4.566160374041989923e-15
8.660000000000000142e+00,-8.309468408508732459e-03,0.000000000000000000e+00,-4.291266856133459442e-03,2.880234827129663907e-15,-4.291266856133459442e-03,2.880234827129663907e-15,-4.291266856133459442e-03,2.880234827129663907e-15
8.679999999999999716e+00,-9.181473601116469860e-03,0.000000000000000000e+00,-4.858975269698771748e-03,1.107689543547078492e-15,-4.858975269698771748e-03,1.107689543547078492e-15,-4.858975269698771748e-03,1.107689543547078492e-15
8.700000000000001066e+00,-9.682696728134782688e-03,0.000000000000000000e+00,-5.226437345835627940e-03,-6.814957312208368080e-16,-5.226437345835627940e-03,-6.814957312208368080e-16,-5.226437345835627940e-03,-6.814957312208368080e-16
8.720000000000000639e+00,-9.795783495526034015e-03,0.000000000000000000e+00,-5.382316649985664087e-03,-2.415273083083089433e-15,-5.382316649985664087e-03,-2.415273083083089433e-15,-5.382316649985664087e-03,-2.415273083083089433e-15
8.740000000000000213e+00,-9.518907295349534822e-03,0.000000000000000000e+00,-5.323786872941284852e-03,-4.026661272546566465e-15,-5.323786872941284852e-03,-4.026661272546566465e-15,-5.323786872941284852e-03,-4.026661272546566465e-15
8.759999999999999787e+00,-8.865735176384836880e-03,0.000000000000000000e+00,-5.056509901067349037e-03,-5.453731134579049785e-15,-5.056509901067349037e-03,-5.453731134579049785e-15,-5.056509901067349037e-03,-5.453731134579049785e-15
8.779999999999999361e+00,-7.864779445237786437e-03,0.000000000000000000e+00,-4.594279944265452012e-03,-6.643646315972843446e-15,-4.594279944265452012e-03,-6.643646315972843446e-15,-4.594279944265452012e-03,-6.643646315972843446e-15
8.800000000000000711e+00,-6.558164805989880747e-03,0.000000000000000000e+00,-3.958352965061995646e-03,-7.553337204668897226e-15,-3.958352965061995646e-03,-7.553337204668897226e-15,-3.958352965061995646e-03,-7.553337204668897226e-15
8.820000000000000284e+00,-4.999863909511445548e-03,0.000000000000000000e+00,-3.176492744522318740e-03,-8.150386915196397235e-15,-3.176492744522318740e-03,-8.150386915196397235e-15,-3.176492744522318740e-03,-8.150386915196397235e-15
8.839999999999999858e+00,-3.253474895623568921e-03,0.000000000000000000e+00,-2.281775589617891613e-03,-8.417075107744179655e-15,-2.281775589617891613e-03,-8.417075107744179655e-15,-2.281775589617891613e-03,-8.417075107744179655e-15
8.859999999999999432e+00,-1.389632167236831391e-03,0.000000000000000000e+00,-1.311204534321448257e-03,-8.348229087441699370e-15,-1.311204534321448257e-03,-8.348229087441699370e-15,-1.311204534321448257e-03,-8.348229087441699370e-15
8.880000000000000782e+00,5.168444432593578483e-04,0.000000000000000000e+00,-3.041905931436054934e-04,-7.952061510918402721e-15,-3.041905931436054934e-04,-7.952061510918402721e-15,-3.041905931436054934e-04,-7.952061510918402721e-15
8.900000000000000355e+00,2.389947294954140877e-03,0.000000000000000000e+00,6.990370395322440238e-04,-7.248791011363939532e-15,6.990370395322440238e-04,-7.248791011363939532e-15,6.990370395322440238e-04,-7.248791011363939532e-15
8.919999999999999929e+00,4.155505481187080075e-03,0.000000000000000000e+00,1.659028121693874487e-03,-6.270445807887160631e-15,1.659028121693874487e-03,-6.270445807887160631e-15,1.659028121693874487e-03,-6.270445807887160631e-15
8.939999999999999503e+00,5.744116167290572519e-03,0.000000000000000000e+00,2.538652813819605204e-03,-5.061575400121567154e-15,2.538652813819605204e-03,-5.061575400121567154e-15,2.538652813819605204e-03,-5.061575400121567154e-15
8.960000000000000853e+00,7.093867097302142266e-03,0.000000000000000000e+00,3.304527612626747320e-03,-3.670766249245098938e-15,3.304527612626747320e-03,-3.670766249245098938e-15,3.304527612626747320e-03,-3.670766249245098938e-15
8.980000000000000426e+00,8.152743696456512743e-03,0.000000000000000000e+00,3.928271420293942551e-03,-2.159089048823190238e-15,3.928271420293942551e-03,-2.159089048823190238e-15,3.928271420293942551e-03,-2.159089048823190238e-15
9.000000000000000000e+00,8.880627412096435414e-03,0.000000000000000000e+00,4.387544941566551455e-03,-5.856347807062556705e-16,4.387544941566551455e-03,-5.856347807062556705e-16,4.387544941566551455e-03,-5.856347807062556705e-16
9.019999999999999574e+00,9.250808763186206193e-03,0.000000000000000000e+00,4.666835867053842173e-03,9.862829430076406576e-16,4.666835867053842173e-03,9.862829430076406576e-16,4.666835867053842173e-03,9.862829430076406576e-16
9.040000000000000924e+00,9.250958317268763442e-03,0.000000000000000000e+00,4.757962900343405861e-03,2.494479420276299285e-15,4.757962900343405861e-03,2.494479420276299285e-15,4.757962900343405861e-03,2.494479420276299285e-15
9.060000000000000497e+00,8.883520681713099817e-03,0.000000000000000000e+00,4.660283180981259800e-03,3.880941367676756572e-15,4.660283180981259800e-03,3.880941367676756572e-15,4.660283180981259800e-03,3.880941367676756572e-15
9.080000000000000071e+00,8.165519703082513639e-03,0.000000000000000000e+00,4.380599578210179167e-03,5.092231197881211212e-15,4.380599578210179167e-03,5.092231197881211212e-15,4.380599578210179167e-03,5.092231197881211212e-15
9.099999999999999645e+00,7.127786490772254104e-03,0.000000000000000000e+00,3.932776205360461082e-03,6.084659460360383069e-15,3.932776205360461082e-03,6.084659460360383069e-15,3.932776205360461082e-03,6.084659460360383069e-15
9.120000000000000995e+00,5.813644688664409976e-03,0.000000000000000000e+00,3.337081865034207447e-03,6.820525923970027270e-15,3.337081865034207447e-03,6.820525923970027270e-15,3.337081865034207447e-03,6.820525923970027270e-15
9.140000000000000568e+00,4.277108711821679676e-03,0.000000000000000000e+00,2.619291541378198935e-03,7.276409689574948627e-15,2.619291541378198935e-03,7.276409689574948627e-15,2.619291541378198935e-03,7.276409689574948627e-15
9.160000000000000142e+00,2.580669610460788535e-03,0.000000000000000000e+00,1.809585112920266293e-03,7.439540147404870242e-15,1.809585112920266293e-03,7.439540147404870242e-15,1.809585112920266293e-03,7.439540147404870242e-15
9.179999999999999716e+00,7.927590853328044928e-04,0.000000000000000000e+00,9.412898320787099629e-04,7.306632428176046029e-15,9.412898320787099629e-04,7.306632428176046029e-15,9.412898320787099629e-04,7.306632428176046029e-15
9.200000000000001066e+00,-1.015005651181962766e-03,0.000000000000000000e+00,4.951854156023376022e-05,6.887379627642090391e-15,4.951854156023376022e-05,6.887379627642090391e-15,4.951854156023376022e-05,6.887379627642090391e-15
9.220000000000000639e+00,-2.770685453644065616e-03,0.000000000000000000e+00,-8.302411096630130539e-04,6.203002566055019764e-15,-8.302411096630130539e-04,6.203002566055019764e-15,-8.302411096630130539e-04,6.203002566055019764e-15
9.240000000000000213e+00,-4.404876967559930023e-03,0.000000000000000000e+00,-1.663530123560170212e-03,5.287009303460055185e-15,-1.663530123560170212e-03,5.287009303460055185e-15,-1.663530123560170212e-03,5.287009303460055185e-15
9.259999999999999787e+00,-5.853451178713027850e-03,0.000000000000000000e+00,-2.418259126613934041e-03,4.175218755872105707e-15,-2.418259126613934041e-03,4.175218755872105707e-15,-2.418259126613934041e-03,4.175218755872105707e-15
9.279999999999999361e+00,-7.060064927514898662e-03,0.000000000000000000e+00,-3.065935027247450925e-03,2.917829972539326224e-15,-3.065935027247450925e-03,2.917829972539326224e-15,-3.065935027247450925e-03,2.917829972539326224e-15
9.300000000000000711e+00,-7.978347228200019861e-03,0.000000000000000000e+00,-3.582726838141897952e-03,1.564741151334755463e-15,-3.582726838141897952e-03,1.564741151334755463e-15,-3.582726838141897952e-03,1.564741151334755463e-15
9.320000000000000284e+00,-8.573675761465769998e-03,0.000000000000000000e+00,-3.950331206867859282e-03,1.713190021997015565e-16,-3.950331206867859282e-03,1.713190021997015565e-16,-3.950331206867859282e-03,1.713190021997015565e-16
9.339999999999999858e+00,-8.824475705817387203e-03,0.000000000000000000e+00,-4.156606703965805977e-03,-1.206848697146495370e-15,-4.156606703965805977e-03,-1.206848697146495370e-15,-4.156606703965805977e-03,-1.206848697146495370e-15
9.359999999999999432e+00,-8.722992450837784364e-03,0.000000000000000000e+00,-4.195955509073362802e-03,-2.515254207759778237e-15,-4.195955509073362802e-03,-2.515254207759778237e-15,-4.195955509073362802e-03,-2.515254207759778237e-15
9.380000000000000782e+00,-8.275510910386887214e-03,0.000000000000000000e+00,-4.069441418180061790e-03,-3.704159234044544258e-15,-4.069441418180061790e-03,-3.704159234044544258e-15,-4.069441418180061790e-03,-3.704159234044544258e-15
9.400000000000000355e+00,-7.502016274708510520e-03,0.000000000000000000e+00,-3.784643652822665578e-03,-4.728547859588571450e-15,-3.784643652822665578e-03,-4.728547859588571450e-15,-3.784643652822665578e-03,-4.728547859588571450e-15
9.419999999999999929e+00,-6.435313224874204992e-03,0.000000000000000000e+00,-3.355256364918547240e-03,-5.550300741042685724e-15,-3.355256364918547240e-03,-5.550300741042685724e-15,-3.355256364918547240e-03,-5.550300741042685724e-15
9.439999999999999503e+00,-5.119642001319443456e-03,0.000000000000000000e+00,-2.800453591155824869e-03,-6.140721446190457228e-15,-2.800453591155824869e-03,-6.140721446190457228e-15,-2.800453591155824869e-03,-6.140721446190457228e-15
9.460000000000000853e+00,-3.608849428722704818e-03,0.000000000000000000e+00,-2.144048338747917264e-03,-6.479623499276858629e-15,-2.144048338747917264e-03,-6.479623499276858629e-15,-2.144048338747917264e-03,-6.479623499276858629e-15
9.480000000000000426e+00,-1.964190281474633738e-03,0.000000000000000000e+00,-1.413482142914195428e-03,-6.558552121549810787e-15,-1.413482142914195428e-03,-6.558552121549810787e-15,-1.413482142914195428e-03,-6.558552121549810787e-15
9.500000000000000000e+00,-2.518485578660429030e-04,0.000000000000000000e+00,-6.386875439254940338e-04,-6.376854561410222423e-15,-6.386875439254940338e-04,-6.376854561410222423e-15,-6.386875439254940338e-04,-6.376854561410222423e-15
9.519999999999999574e+00,1.459721225708198204e-03,0.000000000000000000e+00,1.491297282853114130e-04,-5.947499013227472822e-15,1.491297282853114130e-04,-5.947499013227472822e-15,1.491297282853114130e-04,-5.947499013227472822e-15
9.540000000000000924e+00,3.102526101757803554e-03,0.000000000000000000e+00,9.187396443642988032e-04,-5.290608688554941358e-15,9.187396443642988032e-04,-5.290608688554941358e-15,9.187396443642988032e-04,-5.290608688554941358e-15
9.560000000000000497e+00,4.611731221921530621e-03,0.000000000000000000e+00,1.640118169804720720e-03,-4.435620361258810606e-15,1.640118169804720720e-03,-4.435620361258810606e-15,1.640118169804720720e-03,-4.435620361258810606e-15
9.580000000000000071e+00,5.928214163437603955e-03,0.000000000000000000e+00,2.285610802432800747e-03,-3.420237116000687279e-15,2.285610802432800747e-03,-3.420237116000687279e-15,2.285610802432800747e-03,-3.420237116000687279e-15
9.599999999999999645e+00,7.000876516177222987e-03,0.000000000000000000e+00,2.830984575360336562e-03,-2.285022239765705741e-15,2.830984575360336562e-03,-2.285022239765705741e-15,2.830984575360336562e-03,-2.285022239765705741e-15
9.620000000000000995e+00,7.788622549602816636e-03,0.000000000000000000e+00,3.256328841205834764e-03,-1.077515493084714774e-15,3.256328841205834764e-03,-1.077515493084714774e-15,3.256328841205834764e-03,-1.077515493084714774e-15
9.640000000000000568e+00,8.261928526729049246e-03,0.000000000000000000e+00,3.546771730048576925e-03,1.524455787003838286e-16,3.546771730048576925e-03,1.524455787003838286e-16,3.546771730048576925e-03,1.524455787003838286e-16
9.660000000000000142e+00,8.403942944967943487e-03,0.000000000000000000e+00,3.692986951133645033e-03,1.357534346097145380e-15,3.692986951133645033e-03,1.357534346097145380e-15,3.692986951133645033e-03,1.357534346097145380e-15
9.679999999999999716e+00,8.211076960857172785e-03,0.000000000000000000e+00,3.691474261685992464e-03,2.490155487790778313e-15,3.691474261685992464e-03,2.490155487790778313e-15,3.691474261685992464e-03,2.490155487790778313e-15
9.700000000000001066e+00,7.693064730814268802e-03,0.000000000000000000e+00,3.544606100821024765e-03,3.506684756936574981e-15,3.544606100821024765e-03,3.506684756936574981e-15,3.544606100821024765e-03,3.506684756936574981e-15
9.720000000000000639e+00,6.872494552299243491e-03,0.000000000000000000e+00,3.260442212974540462e-03,4.368744357525943734e-15,3.260442212974540462e-03,4.368744357525943734e-15,3.260442212974540462e-03,4.368744357525943734e-15
9.740000000000000213e+00,5.783832676413603116e-03,0.000000000000000000e+00,2.852323193842773788e-03,5.045940069266738893e-15,2.852323193842773788e-03,5.045940069266738893e-15,2.852323193842773788e-03,5.045940069266738893e-15
9.759999999999999787e+00,4.471981653066756796e-03,0.000000000000000000e+00,2.338262427218691219e-03,5.512851780129979142e-15,2.338262427218691219e-03,5.512851780129979142e-15,2.338262427218691219e-03,5.512851780129979142e-15
9.779999999999999361e+00,2.990433277036278273e-03,0.000000000000000000e+00,1.740163516160760267e-03,5.755092788847294055e-15,1.740163516160760267e-03,5.755092788847294055e-15,1.740163516160760267e-03,5.755092788847294055e-15
9.800000000000000711e+00,1.399091916673283814e-03,0.000000000000000000e+00,1.082896760046108374e-03,5.767348213952418410e-15,1.082896760046108374e-03,5.767348213952418410e-15,1.082896760046108374e-03,5.767348213952418410e-15
9.820000000000000284e+00,-2.381433810582569293e-04,0.000000000000000000e+00,3.932732548814909406e-04,5.551772429174579574e-15,3.932732548814909406e-04,5.551772429174579574e-15,3.932732548814909406e-04,5.551772429174579574e-15
9.839999999999999858e+00,-1.855940586121632499e-03,0.000000000000000000e+00,-3.010413778897134919e-04,5.121854018986954546e-15,-3.010413778897134919e-04,5.121854018986954546e-15,-3.010413778897134919e-04,5.121854018986954546e-15
9.859999999999999432e+00,-3.390137647746909160e-03,0.000000000000000000e+00,-9.726299089139612674e-04,4.496961572224754323e-15,-9.726299089139612674e-04,4.496961572224754323e-15,-9.726299089139612674e-04,4.496961572224754323e-15
9.880000000000000782e+00,-4.780283176587222897e-03,0.000000000000000000e+00,-1.595399368618215762e-03,3.703944426053757227e-15,-1.595399368618215762e-03,3.703944426053757227e-15,-1.595399368618215762e-03,3.703944426053757227e-15
9.900000000000000355e+00,-5.972014399300376933e-03,0.000000000000000000e+00,-2.145587918300365451e-03,2.776942009201410221e-15,-2.145587918300365451e-03,2.776942009201410221e-15,-2.145587918300365451e-03,2.776942009201410221e-15
9.919999999999999929e+00,-6.919179002760046659e-03,0.000000000000000000e+00,-2.602664151837788629e-03,1.756793148350489600e-15,-2.602664151837788629e-03,1.756793148350489600e-15,-2.602664151837788629e-03,1.756793148350489600e-15
9.939999999999999503e+00,-7.585618210608957059e-03,0.000000000000000000e+00,-2.950085095477629569e-03,6.828444158241468135e-16,-2.950085095477629569e-03,6.828444158241468135e-16,-2.950085095477629569e-03,6.828444158241468135e-16
9.960000000000000853e+00,-7.946542373977873858e-03,0.000000000000000000e+00,-3.175885266109450700e-03,-4.013792406122722863e-16,-3.175885266109450700e-03,-4.013792406122722863e-16,-3.175885266109450700e-03,-4.013792406122722863e-16
9.980000000000000426e+00,-7.989446938843593887e-03,0.000000000000000000e+00,-3.273076234476000879e-03,-1.452349978190499641e-15,-3.273076234476000879e-03,-1.452349978190499641e-15,-3.273076234476000879e-03,-1.452349978190499641e-15
1.000000000000000000e+01,-7.714535201411229504e-03,0.000000000000000000e+00,-3.239843924343563126e-03,-2.429586845641657369e-15,-3.239843924343563126e-03,-2.429586845641657369e-15,-3.239843924343563126e-03,-2.429586845641657369e-15
